item_Name,image_Link,Category
Sporter 22 Wood,https://static.wikia.nocookie.net/dayz_gamepedia/images/5/5b/Sporter_22_Wood.png/revision/latest/scale-to-width-down/250?cb=20220518204154,Ammunition
15rd Sporter 22 Mag,https://static.wikia.nocookie.net/dayz_gamepedia/images/9/97/15rd_Sporter_22_Mag.png/revision/latest/scale-to-width-down/250?cb=20210118214411,Ammunition
30 rnd 22 mag,https://static.wikia.nocookie.net/dayz_gamepedia/images/c/c0/30_rnd_22_mag.png/revision/latest/scale-to-width-down/250?cb=20220518213951,Ammunition
Ammo 380,https://static.wikia.nocookie.net/dayz_gamepedia/images/5/5e/Ammo_380.png/revision/latest/scale-to-width-down/250?cb=20210505022752,Ammunition
AmmoBox 380 35Rnd,https://static.wikia.nocookie.net/dayz_gamepedia/images/9/91/AmmoBox_380_35Rnd.png/revision/latest/scale-to-width-down/250?cb=20190502215246,Ammunition
VZ61Scorpion,https://static.wikia.nocookie.net/dayz_gamepedia/images/6/63/VZ61Scorpion.png/revision/latest/scale-to-width-down/250?cb=20220518204508,Ammunition
CZ61 Magazine,https://static.wikia.nocookie.net/dayz_gamepedia/images/6/6e/CZ61_Magazine.png/revision/latest/scale-to-width-down/250?cb=20220518213810,Ammunition
Ammo 9x19,https://static.wikia.nocookie.net/dayz_gamepedia/images/1/17/Ammo_9x19.png/revision/latest/scale-to-width-down/250?cb=20210505021913,Ammunition
AmmoBox 9x19 25Rnd,https://static.wikia.nocookie.net/dayz_gamepedia/images/4/46/AmmoBox_9x19_25Rnd.png/revision/latest/scale-to-width-down/250?cb=20190522015654,Ammunition
CR75,https://static.wikia.nocookie.net/dayz_gamepedia/images/2/2a/CR75.png/revision/latest/scale-to-width-down/250?cb=20210505021307,Ammunition
MP5-K,https://static.wikia.nocookie.net/dayz_gamepedia/images/f/fc/MP5-K.png/revision/latest/scale-to-width-down/250?cb=20220221011343,Ammunition
15Rnd CR75 Magazine,https://static.wikia.nocookie.net/dayz_gamepedia/images/d/d7/15Rnd_CR75_Magazine.png/revision/latest/scale-to-width-down/250?cb=20210505021533,Ammunition
30Rnd MP5 Magazine,https://static.wikia.nocookie.net/dayz_gamepedia/images/3/3f/30Rnd_MP5_Magazine.png/revision/latest/scale-to-width-down/250?cb=20220518213820,Ammunition
Ammo 45ACP,https://static.wikia.nocookie.net/dayz_gamepedia/images/6/6b/Ammo_45ACP.png/revision/latest/scale-to-width-down/250?cb=20190522021158,Ammunition
AmmoBox 45ACP 25Rnd,https://static.wikia.nocookie.net/dayz_gamepedia/images/5/53/AmmoBox_45ACP_25Rnd.png/revision/latest/scale-to-width-down/250?cb=20190502212756,Ammunition
FNX45,https://static.wikia.nocookie.net/dayz_gamepedia/images/f/fd/FNX45.png/revision/latest/scale-to-width-down/250?cb=20210505025055,Ammunition
UMP45,https://static.wikia.nocookie.net/dayz_gamepedia/images/d/d7/UMP45.png/revision/latest/scale-to-width-down/250?cb=20220221002354,Ammunition
UMPMag,https://static.wikia.nocookie.net/dayz_gamepedia/images/f/fc/UMPMag.png/revision/latest/scale-to-width-down/250?cb=20220518213914,Ammunition
Ammo 357,https://static.wikia.nocookie.net/dayz_gamepedia/images/a/a7/Ammo_357.png/revision/latest/scale-to-width-down/250?cb=20210512010540,Ammunition
AmmoBox 357 20Rnd,https://static.wikia.nocookie.net/dayz_gamepedia/images/0/05/AmmoBox_357_20Rnd.png/revision/latest/scale-to-width-down/250?cb=20210428021134,Ammunition
Repeater,https://static.wikia.nocookie.net/dayz_gamepedia/images/c/ce/Repeater.png/revision/latest/scale-to-width-down/250?cb=20220517154151,Ammunition
Magnum,https://static.wikia.nocookie.net/dayz_gamepedia/images/9/90/Magnum.png/revision/latest/scale-to-width-down/250?cb=20210208232303,Ammunition
Golden Deagle,https://static.wikia.nocookie.net/dayz_gamepedia/images/9/9d/Golden_Deagle.png/revision/latest/scale-to-width-down/250?cb=20210512003102,Ammunition
Ammo 9x39,https://static.wikia.nocookie.net/dayz_gamepedia/images/2/2a/Ammo_9x39.png/revision/latest/scale-to-width-down/250?cb=20190521164445,Ammunition
AmmoBox 9x39 20Rnd,https://static.wikia.nocookie.net/dayz_gamepedia/images/8/85/AmmoBox_9x39_20Rnd.png/revision/latest/scale-to-width-down/250?cb=20190521233448,Ammunition
VSSVintorez,https://static.wikia.nocookie.net/dayz_gamepedia/images/8/83/VSSVintorez.png/revision/latest/scale-to-width-down/250?cb=20210208202042,Ammunition
ASVAL,https://static.wikia.nocookie.net/dayz_gamepedia/images/3/39/ASVAL.png/revision/latest/scale-to-width-down/250?cb=20210208015731,Ammunition
10Rnd VSS Mag,https://static.wikia.nocookie.net/dayz_gamepedia/images/9/93/10Rnd_VSS_Mag.png/revision/latest/scale-to-width-down/250?cb=20210210020020,Ammunition
Mag VAL 20Rnd,https://static.wikia.nocookie.net/dayz_gamepedia/images/a/a3/Mag_VAL_20Rnd.png/revision/latest/scale-to-width-down/250?cb=20210207001232,Ammunition
Ammo 9x39AP,https://static.wikia.nocookie.net/dayz_gamepedia/images/d/de/Ammo_9x39AP.png/revision/latest/scale-to-width-down/250?cb=20190521165826,Ammunition
AmmoBox 9x39AP 20Rnd,https://static.wikia.nocookie.net/dayz_gamepedia/images/5/58/AmmoBox_9x39AP_20Rnd.png/revision/latest/scale-to-width-down/250?cb=20190521233517,Ammunition
Ammo 762x39,https://static.wikia.nocookie.net/dayz_gamepedia/images/4/4a/Ammo_762x39.png/revision/latest/scale-to-width-down/250?cb=20190503003130,Ammunition
Ammo 762x39Tracer,https://static.wikia.nocookie.net/dayz_gamepedia/images/0/01/Ammo_762x39Tracer.png/revision/latest/scale-to-width-down/250?cb=20190503003157,Ammunition
AmmoBox 762x39 20Rnd,https://static.wikia.nocookie.net/dayz_gamepedia/images/2/27/AmmoBox_762x39_20Rnd.png/revision/latest/scale-to-width-down/250?cb=20190502210624,Ammunition
CR527Wood,https://static.wikia.nocookie.net/dayz_gamepedia/images/f/f0/CR527Wood.png/revision/latest/scale-to-width-down/250?cb=20220518204503,Ammunition
30rndmag,https://static.wikia.nocookie.net/dayz_gamepedia/images/4/45/30rndmag.png/revision/latest/scale-to-width-down/250?cb=20220518213935,Ammunition
75rndmag,https://static.wikia.nocookie.net/dayz_gamepedia/images/c/c1/75rndmag.png/revision/latest/scale-to-width-down/250?cb=20220518214016,Ammunition
CR527 Magazine,https://static.wikia.nocookie.net/dayz_gamepedia/images/4/43/CR527_Magazine.png/revision/latest/scale-to-width-down/250?cb=20220518213943,Ammunition
IZH18 Rifle,https://static.wikia.nocookie.net/dayz_gamepedia/images/c/cb/IZH18_Rifle.png/revision/latest/scale-to-width-down/250?cb=20220517154121,Ammunition
SKS,https://static.wikia.nocookie.net/dayz_gamepedia/images/f/fe/SKS.png/revision/latest/scale-to-width-down/250?cb=20220517154633,Ammunition
Ammo 556x45,https://static.wikia.nocookie.net/dayz_gamepedia/images/7/72/Ammo_556x45.png/revision/latest/scale-to-width-down/250?cb=20190521035122,Ammunition
Ammo 556x45Tracer,https://static.wikia.nocookie.net/dayz_gamepedia/images/9/9d/Ammo_556x45Tracer.png/revision/latest/scale-to-width-down/250?cb=20190521035210,Ammunition
AmmoBox 556x45 20Rnd,https://static.wikia.nocookie.net/dayz_gamepedia/images/8/87/AmmoBox_556x45_20Rnd.png/revision/latest/scale-to-width-down/250?cb=20190502235621,Ammunition
M4A1,https://static.wikia.nocookie.net/dayz_gamepedia/images/a/a1/M4A1.png/revision/latest/scale-to-width-down/250?cb=20220330014851,Ammunition
M16-A2,https://static.wikia.nocookie.net/dayz_gamepedia/images/b/b3/M16-A2.png/revision/latest/scale-to-width-down/250?cb=20220221002601,Ammunition
AK101,https://static.wikia.nocookie.net/dayz_gamepedia/images/f/f2/AK101.png/revision/latest/scale-to-width-down/250?cb=20210207040122,Ammunition
Mag STANAG 30Rnd,https://static.wikia.nocookie.net/dayz_gamepedia/images/e/e1/Mag_STANAG_30Rnd.png/revision/latest/scale-to-width-down/250?cb=20220220175522,Ammunition
30rndak101mag,https://static.wikia.nocookie.net/dayz_gamepedia/images/3/33/30rndak101mag.png/revision/latest/scale-to-width-down/250?cb=20220518213922,Ammunition
Ammo 545x39,https://static.wikia.nocookie.net/dayz_gamepedia/images/b/b7/Ammo_545x39.png/revision/latest/scale-to-width-down/250?cb=20190522000311,Ammunition
Ammo 545x39Tracer,https://static.wikia.nocookie.net/dayz_gamepedia/images/0/03/Ammo_545x39Tracer.png/revision/latest/scale-to-width-down/250?cb=20190522000326,Ammunition
AmmoBox 545x39 20Rnd,https://static.wikia.nocookie.net/dayz_gamepedia/images/a/a1/AmmoBox_545x39_20Rnd.png/revision/latest/scale-to-width-down/250?cb=20150519171654,Ammunition
AK74,https://static.wikia.nocookie.net/dayz_gamepedia/images/8/8b/AK74.png/revision/latest/scale-to-width-down/250?cb=20210505013141,Ammunition
AKS74U,https://static.wikia.nocookie.net/dayz_gamepedia/images/0/0b/AKS74U.png/revision/latest/scale-to-width-down/250?cb=20210505014222,Ammunition
30rndak-74mag,https://static.wikia.nocookie.net/dayz_gamepedia/images/a/a7/30rndak-74mag.png/revision/latest/scale-to-width-down/250?cb=20220518213927,Ammunition
Ammo 308Win,https://static.wikia.nocookie.net/dayz_gamepedia/images/d/d3/Ammo_308Win.png/revision/latest/scale-to-width-down/250?cb=20190522004448,Ammunition
Ammo 308WinTracer,https://static.wikia.nocookie.net/dayz_gamepedia/images/e/e7/Ammo_308WinTracer.png/revision/latest/scale-to-width-down/250?cb=20190522004505,Ammunition
AmmoBox 308Win 20Rnd,https://static.wikia.nocookie.net/dayz_gamepedia/images/6/65/AmmoBox_308Win_20Rnd.png/revision/latest/scale-to-width-down/250?cb=20190522010051,Ammunition
FAL,https://static.wikia.nocookie.net/dayz_gamepedia/images/e/e9/FAL.png/revision/latest/scale-to-width-down/250?cb=20220221001123,Ammunition
20Rnd FAL mag,https://static.wikia.nocookie.net/dayz_gamepedia/images/2/2c/20Rnd_FAL_mag.png/revision/latest/scale-to-width-down/250?cb=20220518214844,Ammunition
Winchester Model 70,https://static.wikia.nocookie.net/dayz_gamepedia/images/8/85/Winchester_Model_70.png/revision/latest/scale-to-width-down/250?cb=20220517152918,Ammunition
Blaze 95 Double Rifle Wood,https://static.wikia.nocookie.net/dayz_gamepedia/images/8/8a/Blaze_95_Double_Rifle_Wood.png/revision/latest/scale-to-width-down/250?cb=20220517154129,Ammunition
Ammo 762x54,https://static.wikia.nocookie.net/dayz_gamepedia/images/b/be/Ammo_762x54.png/revision/latest/scale-to-width-down/250?cb=20190502200755,Ammunition
Ammo 762x54Tracer,https://static.wikia.nocookie.net/dayz_gamepedia/images/f/f7/Ammo_762x54Tracer.png/revision/latest/scale-to-width-down/250?cb=20190502200814,Ammunition
AmmoBox 762x54 20Rnd,https://static.wikia.nocookie.net/dayz_gamepedia/images/f/f2/AmmoBox_762x54_20Rnd.png/revision/latest/scale-to-width-down/250?cb=20190502183156,Ammunition
SVD w. PSO-1,https://static.wikia.nocookie.net/dayz_gamepedia/images/a/a2/SVD_w._PSO-1.png/revision/latest/scale-to-width-down/250?cb=20220220235826,Ammunition
Mag SVD 10Rnd,https://static.wikia.nocookie.net/dayz_gamepedia/images/d/d0/Mag_SVD_10Rnd.png/revision/latest/scale-to-width-down/250?cb=20220518214204,Ammunition
Mosin 9130.2,https://static.wikia.nocookie.net/dayz_gamepedia/images/5/51/Mosin_9130.2.png/revision/latest/scale-to-width-down/250?cb=20220517152707,Ammunition
Ammo 12gaPellets,https://static.wikia.nocookie.net/dayz_gamepedia/images/8/8e/Ammo_12gaPellets.png/revision/latest/scale-to-width-down/250?cb=20190522025049,Ammunition
AmmoBox 00buck 10Rnd,https://static.wikia.nocookie.net/dayz_gamepedia/images/e/e6/AmmoBox_00buck_10Rnd.png/revision/latest/scale-to-width-down/250?cb=20190502225419,Ammunition
Ammo 12gaSlug,https://static.wikia.nocookie.net/dayz_gamepedia/images/9/9f/Ammo_12gaSlug.png/revision/latest/scale-to-width-down/250?cb=20190522022818,Ammunition
AmmoBox 12gaSlug 10Rnd,https://static.wikia.nocookie.net/dayz_gamepedia/images/c/cf/AmmoBox_12gaSlug_10Rnd.png/revision/latest/scale-to-width-down/250?cb=20190522023511,Ammunition
Izh43Shotgun,https://static.wikia.nocookie.net/dayz_gamepedia/images/c/c7/Izh43Shotgun.png/revision/latest/scale-to-width-down/250?cb=20210210185835,Ammunition
Ammo 12gaRubberSlug,https://static.wikia.nocookie.net/dayz_gamepedia/images/b/b4/Ammo_12gaRubberSlug.png/revision/latest/scale-to-width-down/250?cb=20200306204856,Ammunition
AmmoBox 12gaRubberSlug 10Rnd,https://static.wikia.nocookie.net/dayz_gamepedia/images/7/75/AmmoBox_12gaRubberSlug_10Rnd.png/revision/latest/scale-to-width-down/250?cb=20200306204918,Ammunition
Vaiga,https://static.wikia.nocookie.net/dayz_gamepedia/images/c/c8/Vaiga.png/revision/latest/scale-to-width-down/250?cb=20220220185225,Ammunition
Saiga 5Rnd,https://static.wikia.nocookie.net/dayz_gamepedia/images/8/8a/Saiga_5Rnd.png/revision/latest/scale-to-width-down/250?cb=20220518210858,Ammunition
Saiga 8Rnd,https://static.wikia.nocookie.net/dayz_gamepedia/images/2/21/Saiga_8Rnd.png/revision/latest/scale-to-width-down/250?cb=20220518210852,Ammunition
Saiga 20Rnd,https://static.wikia.nocookie.net/dayz_gamepedia/images/0/02/Saiga_20Rnd.png/revision/latest/scale-to-width-down/250?cb=20220518210841,Ammunition
AK-74 Wooden Buttstock,https://static.wikia.nocookie.net/dayz_gamepedia/images/5/5f/AK-74_Wooden_Buttstock.png/revision/latest/scale-to-width-down/250?cb=20210428014910,Attachments
M4 OEBttstck,https://static.wikia.nocookie.net/dayz_gamepedia/images/a/a2/M4_OEBttstck.png/revision/latest/scale-to-width-down/250?cb=20220220170945,Attachments
M4 CQBBttstck,https://static.wikia.nocookie.net/dayz_gamepedia/images/c/c7/M4_CQBBttstck.png/revision/latest/scale-to-width-down/250?cb=20220220225819,Attachments
M4 MPBttstck,https://static.wikia.nocookie.net/dayz_gamepedia/images/e/ea/M4_MPBttstck.png/revision/latest/scale-to-width-down/250?cb=20220220230929,Attachments
FNFALFoldingButtstock,https://static.wikia.nocookie.net/dayz_gamepedia/images/d/d0/FNFALFoldingButtstock.png/revision/latest/scale-to-width-down/250?cb=20160110215235,Attachments
FNFALOriginalButtstock,https://static.wikia.nocookie.net/dayz_gamepedia/images/c/c9/FNFALOriginalButtstock.png/revision/latest/scale-to-width-down/250?cb=20161222165358,Attachments
Oembuttstock,https://static.wikia.nocookie.net/dayz_gamepedia/images/0/00/Oembuttstock.png/revision/latest/scale-to-width-down/250?cb=20150518181309,Attachments
SaigaButtstock,https://static.wikia.nocookie.net/dayz_gamepedia/images/f/f8/SaigaButtstock.png/revision/latest/scale-to-width-down/250?cb=20220518211118,Attachments
PP19 Bttstck,https://static.wikia.nocookie.net/dayz_gamepedia/images/6/6a/PP19_Bttstck.png/revision/latest/scale-to-width-down/250?cb=20220127134411,Attachments
PP19,https://static.wikia.nocookie.net/dayz_gamepedia/images/a/af/PP19.png/revision/latest/scale-to-width-down/250?cb=20220127132305,Attachments
Wooden AK handguard,https://static.wikia.nocookie.net/dayz_gamepedia/images/3/3d/Wooden_AK_handguard.png/revision/latest/scale-to-width-down/250?cb=20140903202856,Attachments
Akhandguardplastic,https://static.wikia.nocookie.net/dayz_gamepedia/images/2/29/Akhandguardplastic.png/revision/latest/scale-to-width-down/250?cb=20210428020438,Attachments
Akhandguardrail,https://static.wikia.nocookie.net/dayz_gamepedia/images/0/0e/Akhandguardrail.png/revision/latest/scale-to-width-down/250?cb=20210428020817,Attachments
M4 PlasticHndgrd,https://static.wikia.nocookie.net/dayz_gamepedia/images/b/b2/M4_PlasticHndgrd.png/revision/latest/scale-to-width-down/250?cb=20220220172514,Attachments
Magpull Handguard3,https://static.wikia.nocookie.net/dayz_gamepedia/images/5/52/Magpull_Handguard3.png/revision/latest/scale-to-width-down/250?cb=20150404172432,Attachments
RIS Handguard3,https://static.wikia.nocookie.net/dayz_gamepedia/images/5/53/RIS_Handguard3.png/revision/latest/scale-to-width-down/250?cb=20150404181158,Attachments
Mp5handguard,https://static.wikia.nocookie.net/dayz_gamepedia/images/5/50/Mp5handguard.png/revision/latest/scale-to-width-down/250?cb=20140902173747,Attachments
Mp5railhandguard,https://static.wikia.nocookie.net/dayz_gamepedia/images/4/4a/Mp5railhandguard.png/revision/latest/scale-to-width-down/250?cb=20150518180053,Attachments
KobraOptic,https://static.wikia.nocookie.net/dayz_gamepedia/images/b/b3/KobraOptic.png/revision/latest/scale-to-width-down/250?cb=20190108034423,Attachments
Kashtan C-1 Scope,https://static.wikia.nocookie.net/dayz_gamepedia/images/3/3f/Kashtan_C-1_Scope.png/revision/latest/scale-to-width-down/250?cb=20150620095652,Attachments
PSO1f,https://static.wikia.nocookie.net/dayz_gamepedia/images/6/63/PSO1f.png/revision/latest/scale-to-width-down/250?cb=20220221002914,Attachments
KazuarOptic,https://static.wikia.nocookie.net/dayz_gamepedia/images/f/f1/KazuarOptic.png/revision/latest/scale-to-width-down/250?cb=20160508142722,Attachments
M68Optic,https://static.wikia.nocookie.net/dayz_gamepedia/images/6/6b/M68Optic.png/revision/latest/scale-to-width-down/250?cb=20190522041830,Attachments
T3N RDS Optics,https://static.wikia.nocookie.net/dayz_gamepedia/images/f/f7/T3N_RDS_Optics.png/revision/latest/scale-to-width-down/250?cb=20150518171825,Attachments
ATOG 6x48 Scope,https://static.wikia.nocookie.net/dayz_gamepedia/images/d/d6/ATOG_6x48_Scope.png/revision/latest/scale-to-width-down/250?cb=20211029161936,Attachments
StarlightOptic,https://static.wikia.nocookie.net/dayz_gamepedia/images/4/48/StarlightOptic.png/revision/latest/scale-to-width-down/250?cb=20210907171142,Attachments
BUIS Optics3,https://static.wikia.nocookie.net/dayz_gamepedia/images/c/c7/BUIS_Optics3.png/revision/latest/scale-to-width-down/250?cb=20210428022842,Attachments
SVD,https://static.wikia.nocookie.net/dayz_gamepedia/images/3/33/SVD.png/revision/latest/scale-to-width-down/250?cb=20220220234722,Attachments
Scout,https://static.wikia.nocookie.net/dayz_gamepedia/images/6/69/Scout.png/revision/latest/scale-to-width-down/250?cb=20220518204357,Attachments
PUScope2,https://static.wikia.nocookie.net/dayz_gamepedia/images/e/eb/PUScope2.png/revision/latest/scale-to-width-down/250?cb=20150518190547,Attachments
HuntingScope,https://static.wikia.nocookie.net/dayz_gamepedia/images/9/97/HuntingScope.png/revision/latest/scale-to-width-down/250?cb=20150516111049,Attachments
MosinSawedOff01,https://static.wikia.nocookie.net/dayz_gamepedia/images/3/3e/MosinSawedOff01.png/revision/latest/scale-to-width-down/250?cb=20220517153216,Attachments
PistolScope,https://static.wikia.nocookie.net/dayz_gamepedia/images/3/35/PistolScope.png/revision/latest/scale-to-width-down/250?cb=20150516112804,Attachments
FNX45 MRDS Black,https://static.wikia.nocookie.net/dayz_gamepedia/images/c/cd/FNX45_MRDS_Black.png/revision/latest/scale-to-width-down/250?cb=20170104175318,Attachments
MP-133-Shotgun,https://static.wikia.nocookie.net/dayz_gamepedia/images/5/5c/MP-133-Shotgun.png/revision/latest/scale-to-width-down/250?cb=20210210190104,Attachments
773px-Fon,https://static.wikia.nocookie.net/dayz_gamepedia/images/7/7d/773px-Fon.png/revision/latest/scale-to-width-down/250?cb=20170520125807,Attachments
Weaponflashlight,https://static.wikia.nocookie.net/dayz_gamepedia/images/2/2a/Weaponflashlight.png/revision/latest/scale-to-width-down/250?cb=20180613230158,Attachments
TacticalHelmet,https://static.wikia.nocookie.net/dayz_gamepedia/images/c/c0/TacticalHelmet.png/revision/latest/scale-to-width-down/250?cb=20161029141658,Attachments
Mp5compensator,https://static.wikia.nocookie.net/dayz_gamepedia/images/0/07/Mp5compensator.png/revision/latest/scale-to-width-down/250?cb=20150301142033,Attachments
Suppressor3,https://static.wikia.nocookie.net/dayz_gamepedia/images/2/2c/Suppressor3.png/revision/latest/scale-to-width-down/250?cb=20131229215536,Attachments
SupressorEast,https://static.wikia.nocookie.net/dayz_gamepedia/images/e/e8/SupressorEast.png/revision/latest/scale-to-width-down/250?cb=20180122162718,Attachments
FAMAS,https://static.wikia.nocookie.net/dayz_gamepedia/images/2/21/FAMAS.png/revision/latest/scale-to-width-down/250?cb=20210902183114,Attachments
PBS,https://static.wikia.nocookie.net/dayz_gamepedia/images/b/bf/PBS.png/revision/latest/scale-to-width-down/250?cb=20180122163706,Attachments
ImprovisedSuppressor,https://static.wikia.nocookie.net/dayz_gamepedia/images/7/7c/ImprovisedSuppressor.png/revision/latest/scale-to-width-down/250?cb=20150223102956,Attachments
SK 5966 Bayonet,https://static.wikia.nocookie.net/dayz_gamepedia/images/0/05/SK_5966_Bayonet.png/revision/latest/scale-to-width-down/250?cb=20201010172312,Attachments
GhillieGunWrapTan,https://static.wikia.nocookie.net/dayz_gamepedia/images/a/a0/GhillieGunWrapTan.png/revision/latest/scale-to-width-down/250?cb=20141223112426,Attachments
SPOSN Tortilla Backpack,https://static.wikia.nocookie.net/dayz_gamepedia/images/3/36/SPOSN_Tortilla_Backpack.png/revision/latest/scale-to-width-down/250?cb=20161001150903,Backpack
Yellow Drybag,https://static.wikia.nocookie.net/dayz_gamepedia/images/d/d0/Yellow_Drybag.png/revision/latest/scale-to-width-down/250?cb=20161120183641,Backpack
AliceBackpack Camo,https://static.wikia.nocookie.net/dayz_gamepedia/images/a/a9/AliceBackpack_Camo.png/revision/latest/scale-to-width-down/250?cb=20170215191451,Backpack
Leatherbackpack,https://static.wikia.nocookie.net/dayz_gamepedia/images/e/e6/Leatherbackpack.png/revision/latest/scale-to-width-down/250?cb=20140815045836,Backpack
Leathercourierbag,https://static.wikia.nocookie.net/dayz_gamepedia/images/6/66/Leathercourierbag.png/revision/latest/scale-to-width-down/250?cb=20140813094730,Backpack
Taloon Backpack BLUE,https://static.wikia.nocookie.net/dayz_gamepedia/images/b/be/Taloon_Backpack_BLUE.png/revision/latest/scale-to-width-down/250?cb=20161002135053,Backpack
Hunting Backpack,https://static.wikia.nocookie.net/dayz_gamepedia/images/b/b9/Hunting_Backpack.png/revision/latest/scale-to-width-down/250?cb=20161001144239,Backpack
LeatherSack01,https://static.wikia.nocookie.net/dayz_gamepedia/images/a/ae/LeatherSack01.png/revision/latest/scale-to-width-down/250?cb=20161113155236,Backpack
Mountain Backpack Red,https://static.wikia.nocookie.net/dayz_gamepedia/images/d/d9/Mountain_Backpack_Red.png/revision/latest/scale-to-width-down/250?cb=20161211153603,Backpack
School-backpack,https://static.wikia.nocookie.net/dayz_gamepedia/images/e/eb/School-backpack.png/revision/latest/scale-to-width-down/250?cb=20150210154831,Backpack
CoyoteBackpack Brown,https://static.wikia.nocookie.net/dayz_gamepedia/images/2/2d/CoyoteBackpack_Brown.png/revision/latest/scale-to-width-down/250?cb=20161230134254,Backpack
Smersh backpack,https://static.wikia.nocookie.net/dayz_gamepedia/images/e/e0/Smersh_backpack.png/revision/latest/scale-to-width-down/250?cb=20150103025013,Backpack
Designer Sunglasses New,https://static.wikia.nocookie.net/dayz_gamepedia/images/a/a5/Designer_Sunglasses_New.png/revision/latest/scale-to-width-down/250?cb=20170513162054,Clothing
Glasses with thick frames,https://static.wikia.nocookie.net/dayz_gamepedia/images/2/25/Glasses_with_thick_frames.png/revision/latest/scale-to-width-down/250?cb=20170513163121,Clothing
ThinGlass01,https://static.wikia.nocookie.net/dayz_gamepedia/images/e/ec/ThinGlass01.png/revision/latest/scale-to-width-down/250?cb=20170513201124,Clothing
TacticalGoggles,https://static.wikia.nocookie.net/dayz_gamepedia/images/3/3a/TacticalGoggles.png/revision/latest/scale-to-width-down/250?cb=20190207060938,Clothing
BandanaCamoPattern,https://static.wikia.nocookie.net/dayz_gamepedia/images/6/62/BandanaCamoPattern.png/revision/latest/scale-to-width-down/250?cb=20150222124721,Clothing
BandanaBlack,https://static.wikia.nocookie.net/dayz_gamepedia/images/8/8d/BandanaBlack.png/revision/latest/scale-to-width-down/250?cb=20140202045632,Clothing
Baseball Cap Beige,https://static.wikia.nocookie.net/dayz_gamepedia/images/1/1a/Baseball_Cap_Beige.png/revision/latest/scale-to-width-down/250?cb=20180620190140,Clothing
Blue Beanie Hat,https://static.wikia.nocookie.net/dayz_gamepedia/images/1/1b/Blue_Beanie_Hat.png/revision/latest/scale-to-width-down/250?cb=20150104012654,Clothing
NewZealandMilitaryBeret,https://static.wikia.nocookie.net/dayz_gamepedia/images/7/7a/NewZealandMilitaryBeret.png/revision/latest/scale-to-width-down/250?cb=20140215053848,Clothing
Boonie Hat Black,https://static.wikia.nocookie.net/dayz_gamepedia/images/b/b8/Boonie_Hat_Black.png/revision/latest/scale-to-width-down/250?cb=20150315204422,Clothing
BurlapSack,https://static.wikia.nocookie.net/dayz_gamepedia/images/c/c6/BurlapSack.png/revision/latest/scale-to-width-down/250?cb=20160814152530,Clothing
Cowboy Hat Brown,https://static.wikia.nocookie.net/dayz_gamepedia/images/3/3f/Cowboy_Hat_Brown.png/revision/latest/scale-to-width-down/250?cb=20170524171248,Clothing
Grey Check Flat Cap,https://static.wikia.nocookie.net/dayz_gamepedia/images/a/ae/Grey_Check_Flat_Cap.png/revision/latest/scale-to-width-down/250?cb=20140828183511,Clothing
GhillieHoodTan,https://static.wikia.nocookie.net/dayz_gamepedia/images/0/01/GhillieHoodTan.png/revision/latest/scale-to-width-down/250?cb=20141225134327,Clothing
PumpkinHelmet,https://static.wikia.nocookie.net/dayz_gamepedia/images/5/54/PumpkinHelmet.png/revision/latest/scale-to-width-down/250?cb=20190118233835,Clothing
Black Headtorch,https://static.wikia.nocookie.net/dayz_gamepedia/images/3/3e/Black_Headtorch.png/revision/latest/scale-to-width-down/250?cb=20170520131520,Clothing
NaturalLeatherHat,https://static.wikia.nocookie.net/dayz_gamepedia/images/d/dc/NaturalLeatherHat.png/revision/latest/scale-to-width-down/250?cb=20161120162457,Clothing
NBC Hood,https://static.wikia.nocookie.net/dayz_gamepedia/images/2/2e/NBC_Hood.png/revision/latest/scale-to-width-down/250?cb=20161210171444,Clothing
Soviet Army Hat,https://static.wikia.nocookie.net/dayz_gamepedia/images/2/2f/Soviet_Army_Hat.png/revision/latest/scale-to-width-down/250?cb=20141003014538,Clothing
Pilotka,https://static.wikia.nocookie.net/dayz_gamepedia/images/b/b7/Pilotka.png/revision/latest/scale-to-width-down/250?cb=20140702153356,Clothing
PoliceCapGreen,https://static.wikia.nocookie.net/dayz_gamepedia/images/9/9b/PoliceCapGreen.png/revision/latest/scale-to-width-down/250?cb=20180612173822,Clothing
ChernarusPrisonersUniformCap,https://static.wikia.nocookie.net/dayz_gamepedia/images/5/5e/ChernarusPrisonersUniformCap.png/revision/latest/scale-to-width-down/250?cb=20150305162659,Clothing
Radar Cap Brown,https://static.wikia.nocookie.net/dayz_gamepedia/images/4/4c/Radar_Cap_Brown.png/revision/latest/scale-to-width-down/250?cb=20150103043528,Clothing
SantasHat,https://static.wikia.nocookie.net/dayz_gamepedia/images/0/00/SantasHat.png/revision/latest/scale-to-width-down/250?cb=20171216195429,Clothing
ScrubsCap,https://static.wikia.nocookie.net/dayz_gamepedia/images/9/92/ScrubsCap.png/revision/latest/scale-to-width-down/250?cb=20150401123107,Clothing
Ushanka Green,https://static.wikia.nocookie.net/dayz_gamepedia/images/1/13/Ushanka_Green.png/revision/latest/scale-to-width-down/250?cb=20180620180459,Clothing
Zmijovka Cap Green,https://static.wikia.nocookie.net/dayz_gamepedia/images/8/84/Zmijovka_Cap_Green.png/revision/latest/scale-to-width-down/250?cb=20180620174931,Clothing
Gorka Helmet w Visor,https://static.wikia.nocookie.net/dayz_gamepedia/images/8/8b/Gorka_Helmet_w_Visor.png/revision/latest/scale-to-width-down/250?cb=20170605130355,Clothing
Green Ballistic Helmet,https://static.wikia.nocookie.net/dayz_gamepedia/images/3/30/Green_Ballistic_Helmet.png/revision/latest/scale-to-width-down/250?cb=20170605121337,Clothing
SSH-68 Helmet,https://static.wikia.nocookie.net/dayz_gamepedia/images/c/ce/SSH-68_Helmet.png/revision/latest/scale-to-width-down/250?cb=20150825073544,Clothing
DirtBikeHelmet Red,https://static.wikia.nocookie.net/dayz_gamepedia/images/8/80/DirtBikeHelmet_Red.png/revision/latest/scale-to-width-down/250?cb=20160519101645,Clothing
Firefighterhelmetred,https://static.wikia.nocookie.net/dayz_gamepedia/images/c/cc/Firefighterhelmetred.png/revision/latest/scale-to-width-down/250?cb=20170526185232,Clothing
ZSh3PilotHelmet,https://static.wikia.nocookie.net/dayz_gamepedia/images/f/f5/ZSh3PilotHelmet.png/revision/latest/scale-to-width-down/250?cb=20170110173536,Clothing
MedievalHelmet,https://static.wikia.nocookie.net/dayz_gamepedia/images/3/3b/MedievalHelmet.png/revision/latest/scale-to-width-down/250?cb=20150803165229,Clothing
Hard Hat Yellow,https://static.wikia.nocookie.net/dayz_gamepedia/images/6/6d/Hard_Hat_Yellow.png/revision/latest/scale-to-width-down/250?cb=20170605115140,Clothing
Hockey Helmet Red,https://static.wikia.nocookie.net/dayz_gamepedia/images/5/59/Hockey_Helmet_Red.png/revision/latest/scale-to-width-down/250?cb=20190120145339,Clothing
Motorbike Helmet White,https://static.wikia.nocookie.net/dayz_gamepedia/images/4/4b/Motorbike_Helmet_White.png/revision/latest/scale-to-width-down/250?cb=20170618140758,Clothing
Item Skate Helmet BLACK,https://static.wikia.nocookie.net/dayz_gamepedia/images/f/f9/Item_Skate_Helmet_BLACK.png/revision/latest/scale-to-width-down/250?cb=20150103233010,Clothing
Tanker01,https://static.wikia.nocookie.net/dayz_gamepedia/images/0/07/Tanker01.png/revision/latest/scale-to-width-down/250?cb=20170513170725,Clothing
Weldingmask,https://static.wikia.nocookie.net/dayz_gamepedia/images/2/2d/Weldingmask.png/revision/latest/scale-to-width-down/250?cb=20150224151209,Clothing
Gorka Visor,https://static.wikia.nocookie.net/dayz_gamepedia/images/a/a9/Gorka_Visor.png/revision/latest/scale-to-width-down/250?cb=20170605131904,Clothing
DirtBikeHelmet Red Mouthguard,https://static.wikia.nocookie.net/dayz_gamepedia/images/9/90/DirtBikeHelmet_Red_Mouthguard.png/revision/latest/scale-to-width-down/250?cb=20170605134717,Clothing
Dirt Bike Helmet Visor,https://static.wikia.nocookie.net/dayz_gamepedia/images/4/4a/Dirt_Bike_Helmet_Visor.png/revision/latest/scale-to-width-down/250?cb=20170605133333,Clothing
Balaclava 3Hole,https://static.wikia.nocookie.net/dayz_gamepedia/images/4/4c/Balaclava_3Hole.png/revision/latest/scale-to-width-down/250?cb=20170104230419,Clothing
FaceMaskBlackPattern,https://static.wikia.nocookie.net/dayz_gamepedia/images/7/74/FaceMaskBlackPattern.png/revision/latest/scale-to-width-down/250?cb=20150216082057,Clothing
Respirator,https://static.wikia.nocookie.net/dayz_gamepedia/images/9/9e/Respirator.png/revision/latest/scale-to-width-down/250?cb=20170605144708,Clothing
Gasmask,https://static.wikia.nocookie.net/dayz_gamepedia/images/a/a2/Gasmask.png/revision/latest/scale-to-width-down/250?cb=20170605142623,Clothing
GP5 Gas Mask,https://static.wikia.nocookie.net/dayz_gamepedia/images/8/89/GP5_Gas_Mask.png/revision/latest/scale-to-width-down/250?cb=20150820132126,Clothing
AirborneMask,https://static.wikia.nocookie.net/dayz_gamepedia/images/6/6a/AirborneMask.png/revision/latest/scale-to-width-down/250?cb=20200924234706,Clothing
Hockey Mask 2,https://static.wikia.nocookie.net/dayz_gamepedia/images/b/b3/Hockey_Mask_2.png/revision/latest/scale-to-width-down/250?cb=20190119211024,Clothing
SantasBeard,https://static.wikia.nocookie.net/dayz_gamepedia/images/d/d5/SantasBeard.png/revision/latest/scale-to-width-down/250?cb=20171217144956,Clothing
SurgicalMask,https://static.wikia.nocookie.net/dayz_gamepedia/images/b/bb/SurgicalMask.png/revision/latest/scale-to-width-down/250?cb=20161204175259,Clothing
BDU Jacket,https://static.wikia.nocookie.net/dayz_gamepedia/images/f/f9/BDU_Jacket.png/revision/latest/scale-to-width-down/250?cb=20190120132902,Clothing
Dayz-0-61-blouse-blue-3d-model-preview,https://static.wikia.nocookie.net/dayz_gamepedia/images/f/f7/Dayz-0-61-blouse-blue-3d-model-preview.png/revision/latest/scale-to-width-down/250?cb=20161204174055,Clothing
Bomber Jacket Grey,https://static.wikia.nocookie.net/dayz_gamepedia/images/2/22/Bomber_Jacket_Grey.png/revision/latest/scale-to-width-down/250?cb=20141227171455,Clothing
PinkCheckeredWoolDress3D,https://static.wikia.nocookie.net/dayz_gamepedia/images/f/fe/PinkCheckeredWoolDress3D.png/revision/latest/scale-to-width-down/250?cb=20160824144855,Clothing
TTsKO Jacket,https://static.wikia.nocookie.net/dayz_gamepedia/images/4/4e/TTsKO_Jacket.png/revision/latest/scale-to-width-down/250?cb=20180620230959,Clothing
MCCUU Uniform Jacket,https://static.wikia.nocookie.net/dayz_gamepedia/images/e/e7/MCCUU_Uniform_Jacket.png/revision/latest/scale-to-width-down/250?cb=20150527131215,Clothing
Denimjacket,https://static.wikia.nocookie.net/dayz_gamepedia/images/f/fb/Denimjacket.png/revision/latest/scale-to-width-down/250?cb=20190121125143,Clothing
M65FieldJacketOlive,https://static.wikia.nocookie.net/dayz_gamepedia/images/a/a3/M65FieldJacketOlive.png/revision/latest/scale-to-width-down/250?cb=20160519132224,Clothing
FirefighterJacker Leaked,https://static.wikia.nocookie.net/dayz_gamepedia/images/f/f9/FirefighterJacker_Leaked.png/revision/latest/scale-to-width-down/250?cb=20160508153927,Clothing
HikingJacket BlackBlue Model,https://static.wikia.nocookie.net/dayz_gamepedia/images/3/3d/HikingJacket_BlackBlue_Model.png/revision/latest/scale-to-width-down/250?cb=20160519125531,Clothing
Hoodie 2,https://static.wikia.nocookie.net/dayz_gamepedia/images/a/a3/Hoodie_2.png/revision/latest/scale-to-width-down/250?cb=20180620223219,Clothing
HunterJacket Brown,https://static.wikia.nocookie.net/dayz_gamepedia/images/d/d0/HunterJacket_Brown.png/revision/latest/scale-to-width-down/250?cb=20150312124740,Clothing
JumpsuitJacket Teal,https://static.wikia.nocookie.net/dayz_gamepedia/images/4/4c/JumpsuitJacket_Teal.png/revision/latest/scale-to-width-down/250?cb=20150803165814,Clothing
Lab Coat,https://static.wikia.nocookie.net/dayz_gamepedia/images/5/51/Lab_Coat.png/revision/latest/scale-to-width-down/250?cb=20150718113402,Clothing
NaturalLeatherJacket,https://static.wikia.nocookie.net/dayz_gamepedia/images/e/e4/NaturalLeatherJacket.png/revision/latest/scale-to-width-down/250?cb=20150201165509,Clothing
CraftedLeatherShirt,https://static.wikia.nocookie.net/dayz_gamepedia/images/7/71/CraftedLeatherShirt.png/revision/latest/scale-to-width-down/250?cb=20160530131255,Clothing
Mens Suit Jacket,https://static.wikia.nocookie.net/dayz_gamepedia/images/b/b5/Mens_Suit_Jacket.png/revision/latest/scale-to-width-down/250?cb=20190122100634,Clothing
NBC Jacket,https://static.wikia.nocookie.net/dayz_gamepedia/images/c/cb/NBC_Jacket.png/revision/latest/scale-to-width-down/250?cb=20161210171956,Clothing
NurseDress 3D,https://static.wikia.nocookie.net/dayz_gamepedia/images/b/b6/NurseDress_3D.png/revision/latest/scale-to-width-down/250?cb=20150825073347,Clothing
ORELJacket Model,https://static.wikia.nocookie.net/dayz_gamepedia/images/d/d0/ORELJacket_Model.png/revision/latest/scale-to-width-down/250?cb=20180610074931,Clothing
ParamedicJacketCrimson,https://static.wikia.nocookie.net/dayz_gamepedia/images/a/ab/ParamedicJacketCrimson.png/revision/latest/scale-to-width-down/250?cb=20150223164649,Clothing
Gorkajacket,https://static.wikia.nocookie.net/dayz_gamepedia/images/f/fa/Gorkajacket.png/revision/latest/scale-to-width-down/250?cb=20150224145714,Clothing
Wool Coat Red Check,https://static.wikia.nocookie.net/dayz_gamepedia/images/f/f5/Wool_Coat_Red_Check.png/revision/latest/scale-to-width-down/250?cb=20170501155705,Clothing
PoliceUniformJacket Model,https://static.wikia.nocookie.net/dayz_gamepedia/images/8/8f/PoliceUniformJacket_Model.png/revision/latest/scale-to-width-down/250?cb=20180610081645,Clothing
ChernarusPrisonersUniformJacket,https://static.wikia.nocookie.net/dayz_gamepedia/images/b/be/ChernarusPrisonersUniformJacket.png/revision/latest/scale-to-width-down/250?cb=20150303161333,Clothing
Quilted Jacket 3D,https://static.wikia.nocookie.net/dayz_gamepedia/images/f/fe/Quilted_Jacket_3D.png/revision/latest/scale-to-width-down/250?cb=20160824141256,Clothing
Rain Coat Orange,https://static.wikia.nocookie.net/dayz_gamepedia/images/9/9f/Rain_Coat_Orange.png/revision/latest/scale-to-width-down/250?cb=20180620223704,Clothing
RidersWorn01,https://static.wikia.nocookie.net/dayz_gamepedia/images/2/23/RidersWorn01.png/revision/latest/scale-to-width-down/250?cb=20160823152828,Clothing
MedicalScrubShirt,https://static.wikia.nocookie.net/dayz_gamepedia/images/6/68/MedicalScrubShirt.png/revision/latest/scale-to-width-down/250?cb=20150326121725,Clothing
Green Check Shirt,https://static.wikia.nocookie.net/dayz_gamepedia/images/c/c5/Green_Check_Shirt.png/revision/latest/scale-to-width-down/250?cb=20150106211232,Clothing
Sports Shirt,https://static.wikia.nocookie.net/dayz_gamepedia/images/2/2a/Sports_Shirt.png/revision/latest/scale-to-width-down/250?cb=20190120131935,Clothing
RedSweaterWorn,https://static.wikia.nocookie.net/dayz_gamepedia/images/9/91/RedSweaterWorn.png/revision/latest/scale-to-width-down/250?cb=20150304195906,Clothing
T-Shirt Orange White,https://static.wikia.nocookie.net/dayz_gamepedia/images/e/ef/T-Shirt_Orange_White.png/revision/latest/scale-to-width-down/250?cb=20170524165612,Clothing
Tactical Shirt Olive,https://static.wikia.nocookie.net/dayz_gamepedia/images/f/f2/Tactical_Shirt_Olive.png/revision/latest/scale-to-width-down/250?cb=20180620231918,Clothing
Dayz-telnyashka-undershirt-3d-model,https://static.wikia.nocookie.net/dayz_gamepedia/images/8/8e/Dayz-telnyashka-undershirt-3d-model.png/revision/latest/scale-to-width-down/250?cb=20160517111814,Clothing
TracksuitJacketGreen,https://static.wikia.nocookie.net/dayz_gamepedia/images/e/ee/TracksuitJacketGreen.png/revision/latest/scale-to-width-down/250?cb=20141228213445,Clothing
Womens Suit Jacket Brown,https://static.wikia.nocookie.net/dayz_gamepedia/images/c/ca/Womens_Suit_Jacket_Brown.png/revision/latest/scale-to-width-down/250?cb=20190120134140,Clothing
Holster01,https://static.wikia.nocookie.net/dayz_gamepedia/images/6/60/Holster01.png/revision/latest/scale-to-width-down/250?cb=20170520123729,Clothing
GunHolster,https://static.wikia.nocookie.net/dayz_gamepedia/images/4/41/GunHolster.png/revision/latest/scale-to-width-down/250?cb=20150226092659,Clothing
CivilianBelt,https://static.wikia.nocookie.net/dayz_gamepedia/images/5/5e/CivilianBelt.png/revision/latest/scale-to-width-down/250?cb=20200908173558,Clothing
MilitaryBelt,https://static.wikia.nocookie.net/dayz_gamepedia/images/7/73/MilitaryBelt.png/revision/latest/scale-to-width-down/250?cb=20210503080754,Clothing
Leather Belt,https://static.wikia.nocookie.net/dayz_gamepedia/images/4/4d/Leather_Belt.png/revision/latest/scale-to-width-down/250?cb=20190122180724,Clothing
Canteen,https://static.wikia.nocookie.net/dayz_gamepedia/images/5/5e/Canteen.png/revision/latest/scale-to-width-down/250?cb=20180610230549,Clothing
Sheath,https://static.wikia.nocookie.net/dayz_gamepedia/images/6/61/Sheath.png/revision/latest/scale-to-width-down/250?cb=20200908173200,Clothing
Armband,https://static.wikia.nocookie.net/dayz_gamepedia/images/1/14/Armband.png/revision/latest/scale-to-width-down/250?cb=20161127174901,Clothing
Combat Gloves Brown,https://static.wikia.nocookie.net/dayz_gamepedia/images/e/e4/Combat_Gloves_Brown.png/revision/latest/scale-to-width-down/250?cb=20190121152843,Clothing
Leather Gloves Natural,https://static.wikia.nocookie.net/dayz_gamepedia/images/e/eb/Leather_Gloves_Natural.png/revision/latest/scale-to-width-down/250?cb=20190122090128,Clothing
NBC Gloves,https://static.wikia.nocookie.net/dayz_gamepedia/images/7/7d/NBC_Gloves.png/revision/latest/scale-to-width-down/250?cb=20161210171843,Clothing
Surgical Gloves Green,https://static.wikia.nocookie.net/dayz_gamepedia/images/8/89/Surgical_Gloves_Green.png/revision/latest/scale-to-width-down/250?cb=20190120174926,Clothing
Tacticalglovesbeige,https://static.wikia.nocookie.net/dayz_gamepedia/images/4/4a/Tacticalglovesbeige.png/revision/latest/scale-to-width-down/250?cb=20190120173644,Clothing
WorkingGloves Black,https://static.wikia.nocookie.net/dayz_gamepedia/images/c/c1/WorkingGloves_Black.png/revision/latest/scale-to-width-down/250?cb=20220217002325,Clothing
Smersh Vest,https://static.wikia.nocookie.net/dayz_gamepedia/images/5/5b/Smersh_Vest.png/revision/latest/scale-to-width-down/250?cb=20171220004127,Clothing
Blue Press Vest,https://static.wikia.nocookie.net/dayz_gamepedia/images/8/81/Blue_Press_Vest.png/revision/latest/scale-to-width-down/250?cb=20140105165750,Clothing
UKVestKhaki01,https://static.wikia.nocookie.net/dayz_gamepedia/images/d/d7/UKVestKhaki01.png/revision/latest/scale-to-width-down/250?cb=20170520134624,Clothing
NaturalLeatherStorageVest,https://static.wikia.nocookie.net/dayz_gamepedia/images/2/28/NaturalLeatherStorageVest.png/revision/latest/scale-to-width-down/250?cb=20150201163815,Clothing
BallisticVest01,https://static.wikia.nocookie.net/dayz_gamepedia/images/0/0b/BallisticVest01.png/revision/latest/scale-to-width-down/250?cb=20170409155603,Clothing
Stabvest,https://static.wikia.nocookie.net/dayz_gamepedia/images/e/e7/Stabvest.png/revision/latest/scale-to-width-down/250?cb=20170520124736,Clothing
HighCapacityVestBlack01,https://static.wikia.nocookie.net/dayz_gamepedia/images/a/a2/HighCapacityVestBlack01.png/revision/latest/scale-to-width-down/250?cb=20170604125505,Clothing
HuntingVest Thumbnail,https://static.wikia.nocookie.net/dayz_gamepedia/images/4/4b/HuntingVest_Thumbnail.png/revision/latest/scale-to-width-down/250?cb=20160530122057,Clothing
420px-Orange Worker Safety Vest,https://static.wikia.nocookie.net/dayz_gamepedia/images/a/af/420px-Orange_Worker_Safety_Vest.png/revision/latest/scale-to-width-down/250?cb=20200109191234,Clothing
AssaultBackpack Green,https://static.wikia.nocookie.net/dayz_gamepedia/images/b/b8/AssaultBackpack_Green.png/revision/latest/scale-to-width-down/250?cb=20161023161246,Clothing
Improvised backpack,https://static.wikia.nocookie.net/dayz_gamepedia/images/8/80/Improvised_backpack.png/revision/latest/scale-to-width-down/250?cb=20160814145101,Clothing
Improvised Courier Bag,https://static.wikia.nocookie.net/dayz_gamepedia/images/0/0d/Improvised_Courier_Bag.png/revision/latest/scale-to-width-down/250?cb=20160814132032,Clothing
BDU Pants Model,https://static.wikia.nocookie.net/dayz_gamepedia/images/2/27/BDU_Pants_Model.png/revision/latest/scale-to-width-down/250?cb=20161229144728,Clothing
ThreeQuarterPants,https://static.wikia.nocookie.net/dayz_gamepedia/images/6/67/ThreeQuarterPants.png/revision/latest/scale-to-width-down/250?cb=20160517155957,Clothing
CargoWorn,https://static.wikia.nocookie.net/dayz_gamepedia/images/7/7f/CargoWorn.png/revision/latest/scale-to-width-down/250?cb=20140624232111,Clothing
TTsKOPants Model,https://static.wikia.nocookie.net/dayz_gamepedia/images/0/07/TTsKOPants_Model.png/revision/latest/scale-to-width-down/250?cb=20180620182507,Clothing
CanvasShortWorn,https://static.wikia.nocookie.net/dayz_gamepedia/images/1/1b/CanvasShortWorn.png/revision/latest/scale-to-width-down/250?cb=20140524001152,Clothing
MCCUU Uniform Pants,https://static.wikia.nocookie.net/dayz_gamepedia/images/9/95/MCCUU_Uniform_Pants.png/revision/latest/scale-to-width-down/250?cb=20150608100600,Clothing
Denim Shorts Blue,https://static.wikia.nocookie.net/dayz_gamepedia/images/e/e1/Denim_Shorts_Blue.png/revision/latest/scale-to-width-down/250?cb=20190120165158,Clothing
Denim skirt 1,https://static.wikia.nocookie.net/dayz_gamepedia/images/2/2e/Denim_skirt_1.png/revision/latest/scale-to-width-down/250?cb=20190127112718,Clothing
FirefighterPants Worn,https://static.wikia.nocookie.net/dayz_gamepedia/images/0/00/FirefighterPants_Worn.png/revision/latest/scale-to-width-down/250?cb=20150304202614,Clothing
CanvasWorn,https://static.wikia.nocookie.net/dayz_gamepedia/images/e/ee/CanvasWorn.png/revision/latest/scale-to-width-down/250?cb=20140523235922,Clothing
AutumnHunterPants Model,https://static.wikia.nocookie.net/dayz_gamepedia/images/4/4a/AutumnHunterPants_Model.png/revision/latest/scale-to-width-down/250?cb=20150305144052,Clothing
Jeans Model,https://static.wikia.nocookie.net/dayz_gamepedia/images/8/81/Jeans_Model.png/revision/latest/scale-to-width-down/250?cb=20180620181858,Clothing
JumpsuitPants Teal,https://static.wikia.nocookie.net/dayz_gamepedia/images/c/c3/JumpsuitPants_Teal.png/revision/latest/scale-to-width-down/250?cb=20150803170113,Clothing
NaturalLeatherPants,https://static.wikia.nocookie.net/dayz_gamepedia/images/3/3d/NaturalLeatherPants.png/revision/latest/scale-to-width-down/250?cb=20150201164617,Clothing
NBC Pants,https://static.wikia.nocookie.net/dayz_gamepedia/images/e/e2/NBC_Pants.png/revision/latest/scale-to-width-down/250?cb=20161210171626,Clothing
ORELPants Model,https://static.wikia.nocookie.net/dayz_gamepedia/images/1/17/ORELPants_Model.png/revision/latest/scale-to-width-down/250?cb=20180612164949,Clothing
ParamedicPantsModel,https://static.wikia.nocookie.net/dayz_gamepedia/images/c/ce/ParamedicPantsModel.png/revision/latest/scale-to-width-down/250?cb=20150304201913,Clothing
GorkaMilitaryPantsAutumn Model,https://static.wikia.nocookie.net/dayz_gamepedia/images/0/05/GorkaMilitaryPantsAutumn_Model.png/revision/latest/scale-to-width-down/250?cb=20150317110403,Clothing
PoliceUniformPants Model,https://static.wikia.nocookie.net/dayz_gamepedia/images/3/31/PoliceUniformPants_Model.png/revision/latest/scale-to-width-down/250?cb=20150305114109,Clothing
ChernarusPrisonUniformPants Model,https://static.wikia.nocookie.net/dayz_gamepedia/images/2/20/ChernarusPrisonUniformPants_Model.png/revision/latest/scale-to-width-down/250?cb=20150404111845,Clothing
MedicalScrubPants,https://static.wikia.nocookie.net/dayz_gamepedia/images/0/0e/MedicalScrubPants.png/revision/latest/scale-to-width-down/250?cb=20150326121738,Clothing
DressPants leaked,https://static.wikia.nocookie.net/dayz_gamepedia/images/6/6c/DressPants_leaked.png/revision/latest/scale-to-width-down/250?cb=20150313125203,Clothing
TracksuitPantsBlack Model,https://static.wikia.nocookie.net/dayz_gamepedia/images/4/40/TracksuitPantsBlack_Model.png/revision/latest/scale-to-width-down/250?cb=20150308175022,Clothing
MilitaryBootsBluerock,https://static.wikia.nocookie.net/dayz_gamepedia/images/d/dd/MilitaryBootsBluerock.png/revision/latest/scale-to-width-down/250?cb=20170604142544,Clothing
AthleticShoesBLACK,https://static.wikia.nocookie.net/dayz_gamepedia/images/f/f6/AthleticShoesBLACK.png/revision/latest/scale-to-width-down/250?cb=20210428022241,Clothing
Combat Boots,https://static.wikia.nocookie.net/dayz_gamepedia/images/6/63/Combat_Boots.png/revision/latest/scale-to-width-down/250?cb=20190121144858,Clothing
Leather Shoes Brown,https://static.wikia.nocookie.net/dayz_gamepedia/images/9/93/Leather_Shoes_Brown.png/revision/latest/scale-to-width-down/250?cb=20170604140642,Clothing
Ballerina Shoes Blue,https://static.wikia.nocookie.net/dayz_gamepedia/images/7/74/Ballerina_Shoes_Blue.png/revision/latest/scale-to-width-down/250?cb=20180610214805,Clothing
ShoeHikingBrown01,https://static.wikia.nocookie.net/dayz_gamepedia/images/1/14/ShoeHikingBrown01.png/revision/latest/scale-to-width-down/250?cb=20150213125404,Clothing
CombatBootsBeige,https://static.wikia.nocookie.net/dayz_gamepedia/images/1/1f/CombatBootsBeige.png/revision/latest/scale-to-width-down/250?cb=20170618151052,Clothing
JungleBootsGreen,https://static.wikia.nocookie.net/dayz_gamepedia/images/c/c7/JungleBootsGreen.png/revision/latest/scale-to-width-down/250?cb=20170604134759,Clothing
Natural Leather Moccasins,https://static.wikia.nocookie.net/dayz_gamepedia/images/4/4d/Natural_Leather_Moccasins.png/revision/latest/scale-to-width-down/250?cb=20170513152934,Clothing
NBC Boots,https://static.wikia.nocookie.net/dayz_gamepedia/images/7/78/NBC_Boots.png/revision/latest/scale-to-width-down/250?cb=20161210171731,Clothing
Jogging Shoes White,https://static.wikia.nocookie.net/dayz_gamepedia/images/f/fe/Jogging_Shoes_White.png/revision/latest/scale-to-width-down/250?cb=20190502165724,Clothing
ConverseChucks Red,https://static.wikia.nocookie.net/dayz_gamepedia/images/c/c4/ConverseChucks_Red.png/revision/latest/scale-to-width-down/250?cb=20170104170048,Clothing
Low Hiking Boots - Blue,https://static.wikia.nocookie.net/dayz_gamepedia/images/8/84/Low_Hiking_Boots_-_Blue.png/revision/latest/scale-to-width-down/250?cb=20170513202844,Clothing
WelliesGreen,https://static.wikia.nocookie.net/dayz_gamepedia/images/1/1b/WelliesGreen.png/revision/latest/scale-to-width-down/250?cb=20150213121443,Clothing
WorkingBootsYellow,https://static.wikia.nocookie.net/dayz_gamepedia/images/e/ef/WorkingBootsYellow.png/revision/latest/scale-to-width-down/250?cb=20170604132436,Clothing
WornGhillieBushrag Tan,https://static.wikia.nocookie.net/dayz_gamepedia/images/f/fe/WornGhillieBushrag_Tan.png/revision/latest/scale-to-width-down/250?cb=20180617044116,Clothing
WornGhillieTop Tan,https://static.wikia.nocookie.net/dayz_gamepedia/images/6/68/WornGhillieTop_Tan.png/revision/latest/scale-to-width-down/250?cb=20150624121646,Clothing
WornGhillieSuit Tan,https://static.wikia.nocookie.net/dayz_gamepedia/images/6/69/WornGhillieSuit_Tan.png/revision/latest/scale-to-width-down/250?cb=20150624131616,Clothing
MetalSheets,https://static.wikia.nocookie.net/dayz_gamepedia/images/f/f5/MetalSheets.png/revision/latest/scale-to-width-down/250?cb=20220304203046,Equipment
Box of Nails,https://static.wikia.nocookie.net/dayz_gamepedia/images/d/d4/Box_of_Nails.png/revision/latest/scale-to-width-down/250?cb=20210503094929,Equipment
BatteryCharger,https://static.wikia.nocookie.net/dayz_gamepedia/images/b/bc/BatteryCharger.png/revision/latest/scale-to-width-down/250?cb=20180726013741,Equipment
ExtensionCord,https://static.wikia.nocookie.net/dayz_gamepedia/images/c/c5/ExtensionCord.png/revision/latest/scale-to-width-down/250?cb=20160517112451,Equipment
PortableGenerator 2,https://static.wikia.nocookie.net/dayz_gamepedia/images/0/05/PortableGenerator_2.png/revision/latest/scale-to-width-down/250?cb=20160517114522,Equipment
XmasLights Powered,https://static.wikia.nocookie.net/dayz_gamepedia/images/e/ed/XmasLights_Powered.png/revision/latest/scale-to-width-down/250?cb=20180726022402,Equipment
Spotlight,https://static.wikia.nocookie.net/dayz_gamepedia/images/3/32/Spotlight.png/revision/latest/scale-to-width-down/250?cb=20180614042737,Equipment
CarTent Packed,https://static.wikia.nocookie.net/dayz_gamepedia/images/4/4d/CarTent_Packed.png/revision/latest/scale-to-width-down/250?cb=20150718105818,Equipment
Items Big Military Tent Backpack,https://static.wikia.nocookie.net/dayz_gamepedia/images/b/bf/Items_Big_Military_Tent_Backpack.png/revision/latest/scale-to-width-down/250?cb=20160904095323,Equipment
Tent,https://static.wikia.nocookie.net/dayz_gamepedia/images/1/1d/Tent.png/revision/latest/scale-to-width-down/250?cb=20170524150512,Equipment
Tent,https://static.wikia.nocookie.net/dayz_gamepedia/images/9/9f/PartyTent.png/revision/latest/scale-to-width-down/250?cb=20180726004354,Equipment
PartyTent,https://static.wikia.nocookie.net/dayz_gamepedia/images/9/9f/PartyTent.png/revision/latest/scale-to-width-down/250?cb=20180726004354,Equipment
OilBarrel Green,https://static.wikia.nocookie.net/dayz_gamepedia/images/5/59/OilBarrel_Green.png/revision/latest/scale-to-width-down/250?cb=20150718114347,Equipment
OldWoodenChest,https://static.wikia.nocookie.net/dayz_gamepedia/images/a/ab/OldWoodenChest.png/revision/latest/scale-to-width-down/250?cb=20190131142411,Equipment
WoodenCase 1,https://static.wikia.nocookie.net/dayz_gamepedia/images/2/28/WoodenCase_1.png/revision/latest/scale-to-width-down/250?cb=20160517123112,Equipment
Megaphone-3d-model,https://static.wikia.nocookie.net/dayz_gamepedia/images/7/7d/Megaphone-3d-model.png/revision/latest/scale-to-width-down/250?cb=20160520133604,Equipment
WalkieTalkie,https://static.wikia.nocookie.net/dayz_gamepedia/images/d/d6/WalkieTalkie.png/revision/latest/scale-to-width-down/250?cb=20180427191244,Equipment
Radiostation Thumbnail,https://static.wikia.nocookie.net/dayz_gamepedia/images/8/8c/Radiostation_Thumbnail.png/revision/latest/scale-to-width-down/250?cb=20160507122320,Equipment
Duct Tape,https://static.wikia.nocookie.net/dayz_gamepedia/images/4/4e/Duct_Tape.png/revision/latest/scale-to-width-down/250?cb=20180610233055,Equipment
Rope,https://static.wikia.nocookie.net/dayz_gamepedia/images/b/b4/Rope.png/revision/latest/scale-to-width-down/250?cb=20150406142017,Equipment
Paper,https://static.wikia.nocookie.net/dayz_gamepedia/images/b/b2/Paper.png/revision/latest/scale-to-width-down/250?cb=20141219102114,Equipment
Metal wire,https://static.wikia.nocookie.net/dayz_gamepedia/images/b/b4/Metal_wire.png/revision/latest/scale-to-width-down/250?cb=20141109174349,Equipment
Netting,https://static.wikia.nocookie.net/dayz_gamepedia/images/0/0f/Netting.png/revision/latest/scale-to-width-down/250?cb=20141222113118,Equipment
FishingRod,https://static.wikia.nocookie.net/dayz_gamepedia/images/2/2f/FishingRod.png/revision/latest/scale-to-width-down/250?cb=20160508154933,Equipment
Fishinghook,https://static.wikia.nocookie.net/dayz_gamepedia/images/9/94/Fishinghook.png/revision/latest/scale-to-width-down/250?cb=20170520192106,Equipment
PumpkinSeeds,https://static.wikia.nocookie.net/dayz_gamepedia/images/0/0c/PumpkinSeeds.png/revision/latest/scale-to-width-down/250?cb=20150624135018,Equipment
GardenLime,https://static.wikia.nocookie.net/dayz_gamepedia/images/4/45/GardenLime.png/revision/latest/scale-to-width-down/250?cb=20161127182619,Equipment
PortableGasLamp2,https://static.wikia.nocookie.net/dayz_gamepedia/images/b/be/PortableGasLamp2.png/revision/latest/scale-to-width-down/250?cb=20180728175212,Equipment
Chemlight Green,https://static.wikia.nocookie.net/dayz_gamepedia/images/d/d3/Chemlight_Green.png/revision/latest/scale-to-width-down/250?cb=20161226153235,Equipment
Flashlight,https://static.wikia.nocookie.net/dayz_gamepedia/images/4/4d/Flashlight.png/revision/latest/scale-to-width-down/250?cb=20160814135718,Equipment
Flare,https://static.wikia.nocookie.net/dayz_gamepedia/images/5/54/Flare.png/revision/latest/scale-to-width-down/250?cb=20160903161308,Equipment
Wate Tabs,https://static.wikia.nocookie.net/dayz_gamepedia/images/8/8d/Wate_Tabs.png/revision/latest/scale-to-width-down/250?cb=20140806072717,Equipment
IVStartkit,https://static.wikia.nocookie.net/dayz_gamepedia/images/c/ca/IVStartkit.png/revision/latest/scale-to-width-down/250?cb=20180611013943,Equipment
Tetracycline Antibiotics,https://static.wikia.nocookie.net/dayz_gamepedia/images/2/26/Tetracycline_Antibiotics.png/revision/latest/scale-to-width-down/250?cb=20140617134745,Equipment
Morphine Auto-Injector,https://static.wikia.nocookie.net/dayz_gamepedia/images/0/04/Morphine_Auto-Injector.png/revision/latest/scale-to-width-down/250?cb=20180611020513,Equipment
Vitamin Bottle,https://static.wikia.nocookie.net/dayz_gamepedia/images/9/92/Vitamin_Bottle.png/revision/latest/scale-to-width-down/250?cb=20180613191517,Equipment
Bandage new,https://static.wikia.nocookie.net/dayz_gamepedia/images/9/91/Bandage_new.png/revision/latest/scale-to-width-down/250?cb=20180614033037,Equipment
AmmoBox,https://static.wikia.nocookie.net/dayz_gamepedia/images/4/48/AmmoBox.png/revision/latest/scale-to-width-down/250?cb=20180610092520,Equipment
WaterproofBag Yellow,https://static.wikia.nocookie.net/dayz_gamepedia/images/f/f1/WaterproofBag_Yellow.png/revision/latest/scale-to-width-down/250?cb=20161119124238,Equipment
First Aid Kit,https://static.wikia.nocookie.net/dayz_gamepedia/images/5/50/First_Aid_Kit.png/revision/latest/scale-to-width-down/250?cb=20131229022844,Equipment
SmallProtectorCase,https://static.wikia.nocookie.net/dayz_gamepedia/images/2/22/SmallProtectorCase.png/revision/latest/scale-to-width-down/250?cb=20180613170557,Equipment
TeddyBearBrown,https://static.wikia.nocookie.net/dayz_gamepedia/images/e/e5/TeddyBearBrown.png/revision/latest/scale-to-width-down/250?cb=20170421160108,Equipment
NaturalWaterPouch,https://static.wikia.nocookie.net/dayz_gamepedia/images/a/ad/NaturalWaterPouch.png/revision/latest/scale-to-width-down/250?cb=20150220140209,Equipment
Waterbottle New,https://static.wikia.nocookie.net/dayz_gamepedia/images/d/dc/Waterbottle_New.png/revision/latest/scale-to-width-down/250?cb=20180613205656,Equipment
JerryCan,https://static.wikia.nocookie.net/dayz_gamepedia/images/f/ff/JerryCan.png/revision/latest/scale-to-width-down/250?cb=20161119165601,Equipment
Gas Canister Medium,https://static.wikia.nocookie.net/dayz_gamepedia/images/f/f6/Gas_Canister_Medium.png/revision/latest/scale-to-width-down/250?cb=20180728164719,Equipment
TruckBattery,https://static.wikia.nocookie.net/dayz_gamepedia/images/5/54/TruckBattery.png/revision/latest/scale-to-width-down/250?cb=20210503100023,Equipment
Plate Carrier,https://static.wikia.nocookie.net/dayz_gamepedia/images/5/50/Plate_Carrier.png/revision/latest/scale-to-width-down/250?cb=20180610032909,Equipment
Leather Sewing Kit,https://static.wikia.nocookie.net/dayz_gamepedia/images/6/69/Leather_Sewing_Kit.png/revision/latest/scale-to-width-down/250?cb=20220523171249,Equipment
Cooking Pot,https://static.wikia.nocookie.net/dayz_gamepedia/images/f/f9/Cooking_Pot.png/revision/latest/scale-to-width-down/250?cb=20170506153626,Equipment
CookingTripod,https://static.wikia.nocookie.net/dayz_gamepedia/images/8/81/CookingTripod.png/revision/latest/scale-to-width-down/250?cb=20150105151431,Equipment
200px-Frying pan,https://static.wikia.nocookie.net/dayz_gamepedia/images/d/da/200px-Frying_pan.png/revision/latest/scale-to-width-down/250?cb=20150309112010,Equipment
PortableGasStove,https://static.wikia.nocookie.net/dayz_gamepedia/images/7/7e/PortableGasStove.png/revision/latest/scale-to-width-down/250?cb=20180728233911,Equipment
Item Can - opener,https://static.wikia.nocookie.net/dayz_gamepedia/images/4/49/Item_Can_-_opener.png/revision/latest/scale-to-width-down/250?cb=20140829162629,Equipment
Binoculars,https://static.wikia.nocookie.net/dayz_gamepedia/images/7/74/Binoculars.png/revision/latest/scale-to-width-down/250?cb=20210428023621,Equipment
Compass,https://static.wikia.nocookie.net/dayz_gamepedia/images/4/40/Orienteering_Compass.png/revision/latest/scale-to-width-down/250?cb=20220523171840,Equipment
Orienteering Compass,https://static.wikia.nocookie.net/dayz_gamepedia/images/4/40/Orienteering_Compass.png/revision/latest/scale-to-width-down/250?cb=20220523171840,Equipment
Map,https://static.wikia.nocookie.net/dayz_gamepedia/images/4/43/Map.png/revision/latest/scale-to-width-down/250?cb=20210803131719,Equipment
Rangefinder,https://static.wikia.nocookie.net/dayz_gamepedia/images/4/4b/Rangefinder.png/revision/latest/scale-to-width-down/250?cb=20141015201400,Equipment
Matchbox,https://static.wikia.nocookie.net/dayz_gamepedia/images/0/06/Matchbox.png/revision/latest/scale-to-width-down/250?cb=20150208095421,Equipment
Heatpack,https://static.wikia.nocookie.net/dayz_gamepedia/images/4/4d/Heatpack.png/revision/latest/scale-to-width-down/250?cb=20141204091011,Equipment
Handsaw,https://static.wikia.nocookie.net/dayz_gamepedia/images/4/46/Handsaw.png/revision/latest/scale-to-width-down/250?cb=20200411001725,Equipment
Hacksaw1,https://static.wikia.nocookie.net/dayz_gamepedia/images/b/b9/Hacksaw1.png/revision/latest/scale-to-width-down/250?cb=20150314124614,Equipment
Splitting Axe SA,https://static.wikia.nocookie.net/dayz_gamepedia/images/a/a7/Splitting_Axe_SA.png/revision/latest/scale-to-width-down/250?cb=20190502164340,Equipment
Shovel SA,https://static.wikia.nocookie.net/dayz_gamepedia/images/4/4e/Shovel_SA.png/revision/latest/scale-to-width-down/250?cb=20220305003021,Equipment
Hammer2,https://static.wikia.nocookie.net/dayz_gamepedia/images/b/b6/Hammer2.png/revision/latest/scale-to-width-down/250?cb=20190502161833,Equipment
Sledgehammer,https://static.wikia.nocookie.net/dayz_gamepedia/images/9/9a/Sledgehammer.png/revision/latest/scale-to-width-down/250?cb=20220523163233,Equipment
Pickaxe,https://static.wikia.nocookie.net/dayz_gamepedia/images/b/b7/Pickaxe.png/revision/latest/scale-to-width-down/250?cb=20160903163558,Equipment
Pliers,https://static.wikia.nocookie.net/dayz_gamepedia/images/9/96/Pliers.png/revision/latest/scale-to-width-down/250?cb=20140303184730,Equipment
CarBattery,https://static.wikia.nocookie.net/dayz_gamepedia/images/9/9e/CarBattery.png/revision/latest/scale-to-width-down/250?cb=20210503103049,Equipment
HeadlampBulb,https://static.wikia.nocookie.net/dayz_gamepedia/images/0/08/HeadlampBulb.png/revision/latest/scale-to-width-down/250?cb=20160829123308,Equipment
OffroadWheel,https://static.wikia.nocookie.net/dayz_gamepedia/images/4/4a/OffroadWheel.png/revision/latest/scale-to-width-down/250?cb=20151216104217,Equipment
SparkPlug 1,https://static.wikia.nocookie.net/dayz_gamepedia/images/d/dc/SparkPlug_1.png/revision/latest/scale-to-width-down/250?cb=20151215165906,Equipment
RadiatorCar,https://static.wikia.nocookie.net/dayz_gamepedia/images/d/db/RadiatorCar.png/revision/latest/scale-to-width-down/250?cb=20160517120454,Equipment
OffroadHatchback DriverDoor,https://static.wikia.nocookie.net/dayz_gamepedia/images/6/62/OffroadHatchback_DriverDoor.png/revision/latest/scale-to-width-down/250?cb=20161211165748,Equipment
Handcuffs,https://static.wikia.nocookie.net/dayz_gamepedia/images/1/14/Handcuffs.png/revision/latest/scale-to-width-down/250?cb=20180611010059,Equipment
Handcuff Keys,https://static.wikia.nocookie.net/dayz_gamepedia/images/0/00/Handcuff_Keys.png/revision/latest/scale-to-width-down/250?cb=20170605151948,Equipment
BearTrap,https://static.wikia.nocookie.net/dayz_gamepedia/images/1/19/BearTrap.png/revision/latest/scale-to-width-down/250?cb=20150326114319,Equipment
Lockpick,https://static.wikia.nocookie.net/dayz_gamepedia/images/a/ac/Lockpick.png/revision/latest/scale-to-width-down/250?cb=20220523172130,Equipment
Canned Peaches,https://static.wikia.nocookie.net/dayz_gamepedia/images/b/ba/Canned_Peaches.png/revision/latest/scale-to-width-down/250?cb=20210425205130,Food_and_Drink
Canned Sardines,https://static.wikia.nocookie.net/dayz_gamepedia/images/d/de/Canned_Sardines.png/revision/latest/scale-to-width-down/250?cb=20210428003739,Food_and_Drink
Corleone Spaghetti,https://static.wikia.nocookie.net/dayz_gamepedia/images/0/06/Corleone_Spaghetti.png/revision/latest/scale-to-width-down/250?cb=20210425205139,Food_and_Drink
Canned Tuna,https://static.wikia.nocookie.net/dayz_gamepedia/images/8/85/Canned_Tuna.png/revision/latest/scale-to-width-down/250?cb=20210428004058,Food_and_Drink
CannedPork closed,https://static.wikia.nocookie.net/dayz_gamepedia/images/e/ef/CannedPork_closed.png/revision/latest/scale-to-width-down/250?cb=20210515230628,Food_and_Drink
CatFoodCan closed,https://static.wikia.nocookie.net/dayz_gamepedia/images/5/5c/CatFoodCan_closed.png/revision/latest/scale-to-width-down/250?cb=20210425193950,Food_and_Drink
DogFoodCan closed,https://static.wikia.nocookie.net/dayz_gamepedia/images/d/d1/DogFoodCan_closed.png/revision/latest/scale-to-width-down/250?cb=20210426180833,Food_and_Drink
Lunchmeat closed,https://static.wikia.nocookie.net/dayz_gamepedia/images/3/30/Lunchmeat_closed.png/revision/latest/scale-to-width-down/250?cb=20210427183319,Food_and_Drink
Marmalade strawberry,https://static.wikia.nocookie.net/dayz_gamepedia/images/e/e7/Marmalade_strawberry.png/revision/latest/scale-to-width-down/250?cb=20210428013319,Food_and_Drink
Honey,https://static.wikia.nocookie.net/dayz_gamepedia/images/c/c6/Honey.png/revision/latest/scale-to-width-down/250?cb=20210425193035,Food_and_Drink
LiverPate,https://static.wikia.nocookie.net/dayz_gamepedia/images/7/73/LiverPate.png/revision/latest/scale-to-width-down/250?cb=20210425193553,Food_and_Drink
Pajka,https://static.wikia.nocookie.net/dayz_gamepedia/images/3/3a/Pajka.png/revision/latest/scale-to-width-down/250?cb=20210425193626,Food_and_Drink
UnknownFoodCan,https://static.wikia.nocookie.net/dayz_gamepedia/images/1/1c/UnknownFoodCan.png/revision/latest/scale-to-width-down/250?cb=20210426003948,Food_and_Drink
Crunchin Crisps Cereal,https://static.wikia.nocookie.net/dayz_gamepedia/images/9/99/Crunchin_Crisps_Cereal.png/revision/latest/scale-to-width-down/250?cb=20160911152554,Food_and_Drink
Chips,https://static.wikia.nocookie.net/dayz_gamepedia/images/0/05/Chips.png/revision/latest/scale-to-width-down/250?cb=20210426001026,Food_and_Drink
Crackers,https://static.wikia.nocookie.net/dayz_gamepedia/images/d/d4/Crackers.png/revision/latest/scale-to-width-down/250?cb=20210425193512,Food_and_Drink
Rice,https://static.wikia.nocookie.net/dayz_gamepedia/images/d/da/Rice.png/revision/latest/scale-to-width-down/250?cb=20210427234054,Food_and_Drink
PowderedMilk,https://static.wikia.nocookie.net/dayz_gamepedia/images/8/80/PowderedMilk.png/revision/latest/scale-to-width-down/250?cb=20210428001840,Food_and_Drink
SaltySticks,https://static.wikia.nocookie.net/dayz_gamepedia/images/1/1c/SaltySticks.png/revision/latest/scale-to-width-down/250?cb=20210426182753,Food_and_Drink
Zagorky,https://static.wikia.nocookie.net/dayz_gamepedia/images/9/99/Zagorky.png/revision/latest/scale-to-width-down/250?cb=20210426003005,Food_and_Drink
ZagorkyChocolate,https://static.wikia.nocookie.net/dayz_gamepedia/images/8/81/ZagorkyChocolate.png/revision/latest/scale-to-width-down/250?cb=20210427233310,Food_and_Drink
ZagorkyPeanuts,https://static.wikia.nocookie.net/dayz_gamepedia/images/9/9a/ZagorkyPeanuts.png/revision/latest/scale-to-width-down/250?cb=20210425194344,Food_and_Drink
Apple,https://static.wikia.nocookie.net/dayz_gamepedia/images/7/7d/Apple.png/revision/latest/scale-to-width-down/250?cb=20210428013625,Food_and_Drink
Pear,https://static.wikia.nocookie.net/dayz_gamepedia/images/b/b0/Pear.png/revision/latest/scale-to-width-down/250?cb=20210427125547,Food_and_Drink
Plum,https://static.wikia.nocookie.net/dayz_gamepedia/images/e/e6/Plum.png/revision/latest/scale-to-width-down/250?cb=20210502203928,Food_and_Drink
Tomato,https://static.wikia.nocookie.net/dayz_gamepedia/images/9/9d/Tomato.png/revision/latest/scale-to-width-down/250?cb=20210428013915,Food_and_Drink
Samcubus,https://static.wikia.nocookie.net/dayz_gamepedia/images/1/1e/Samcubus.png/revision/latest/scale-to-width-down/250?cb=20170422174759,Food_and_Drink
Rosa Canina,https://static.wikia.nocookie.net/dayz_gamepedia/images/d/d7/Rosa_Canina.png/revision/latest/scale-to-width-down/250?cb=20170415150545,Food_and_Drink
Green Peper,https://static.wikia.nocookie.net/dayz_gamepedia/images/8/8d/Green_Peper.png/revision/latest/scale-to-width-down/250?cb=20170422132410,Food_and_Drink
Potato,https://static.wikia.nocookie.net/dayz_gamepedia/images/c/c2/Potato.png/revision/latest/scale-to-width-down/250?cb=20210427132743,Food_and_Drink
Pumpkin,https://static.wikia.nocookie.net/dayz_gamepedia/images/6/64/Pumpkin.png/revision/latest/scale-to-width-down/250?cb=20170422140604,Food_and_Drink
PumpkinSlices,https://static.wikia.nocookie.net/dayz_gamepedia/images/4/44/PumpkinSlices.png/revision/latest/scale-to-width-down/250?cb=20170417114030,Food_and_Drink
Zucchini,https://static.wikia.nocookie.net/dayz_gamepedia/images/f/f6/Zucchini.png/revision/latest/scale-to-width-down/250?cb=20161127162855,Food_and_Drink
Champignon,https://static.wikia.nocookie.net/dayz_gamepedia/images/5/5f/Champignon.png/revision/latest/scale-to-width-down/250?cb=20150326120529,Food_and_Drink
Amanita,https://static.wikia.nocookie.net/dayz_gamepedia/images/f/f6/Amanita.png/revision/latest/scale-to-width-down/250?cb=20150326120851,Food_and_Drink
Psilocybe,https://static.wikia.nocookie.net/dayz_gamepedia/images/b/bc/Psilocybe.png/revision/latest/scale-to-width-down/250?cb=20190118000555,Food_and_Drink
PleurotusMushroom,https://static.wikia.nocookie.net/dayz_gamepedia/images/8/88/PleurotusMushroom.png/revision/latest/scale-to-width-down/250?cb=20190117232230,Food_and_Drink
MacrolepiotaMushroom Raw,https://static.wikia.nocookie.net/dayz_gamepedia/images/4/47/MacrolepiotaMushroom_Raw.png/revision/latest/scale-to-width-down/250?cb=20180726024832,Food_and_Drink
BoletusMushroom,https://static.wikia.nocookie.net/dayz_gamepedia/images/e/e4/BoletusMushroom.png/revision/latest/scale-to-width-down/250?cb=20181215020255,Food_and_Drink
LactariusMushroom,https://static.wikia.nocookie.net/dayz_gamepedia/images/1/13/LactariusMushroom.png/revision/latest/scale-to-width-down/250?cb=20190117183807,Food_and_Drink
AuriculariaMushroom,https://static.wikia.nocookie.net/dayz_gamepedia/images/0/0e/AuriculariaMushroom.png/revision/latest/scale-to-width-down/250?cb=20190117181735,Food_and_Drink
Steak,https://static.wikia.nocookie.net/dayz_gamepedia/images/6/66/Steak.png/revision/latest/scale-to-width-down/250?cb=20170412181100,Food_and_Drink
Rawfillet,https://static.wikia.nocookie.net/dayz_gamepedia/images/c/c1/Rawfillet.png/revision/latest/scale-to-width-down/250?cb=20210717222832,Food_and_Drink
RawChickenBreast,https://static.wikia.nocookie.net/dayz_gamepedia/images/3/3d/RawChickenBreast.png/revision/latest/scale-to-width-down/250?cb=20170422145232,Food_and_Drink
HumanSteak Raw,https://static.wikia.nocookie.net/dayz_gamepedia/images/4/40/HumanSteak_Raw.png/revision/latest/scale-to-width-down/250?cb=20170422124139,Food_and_Drink
MackerelFillet Raw,https://static.wikia.nocookie.net/dayz_gamepedia/images/0/00/MackerelFillet_Raw.png/revision/latest/scale-to-width-down/250?cb=20150706165428,Food_and_Drink
RawRabbitLeg,https://static.wikia.nocookie.net/dayz_gamepedia/images/7/7a/RawRabbitLeg.png/revision/latest/scale-to-width-down/250?cb=20211030201754,Food_and_Drink
Sardines,https://static.wikia.nocookie.net/dayz_gamepedia/images/d/de/Canned_Sardines.png/revision/latest/scale-to-width-down/250?cb=20210428003739,Food_and_Drink
Sardines,https://static.wikia.nocookie.net/dayz_gamepedia/images/c/c1/Sardines.png/revision/latest/scale-to-width-down/250?cb=20141109174401,Food_and_Drink
Bitterlings,https://static.wikia.nocookie.net/dayz_gamepedia/images/7/7d/Bitterlings.png/revision/latest/scale-to-width-down/250?cb=20220302153327,Food_and_Drink
Fat,https://static.wikia.nocookie.net/dayz_gamepedia/images/2/2e/Fat.png/revision/latest/scale-to-width-down/250?cb=20170422170735,Food_and_Drink
PileOfGuts,https://static.wikia.nocookie.net/dayz_gamepedia/images/8/89/PileOfGuts.png/revision/latest/scale-to-width-down/250?cb=20141222104800,Food_and_Drink
PileOfGuts,https://static.wikia.nocookie.net/dayz_gamepedia/images/2/26/SmallPileOfGuts.png/revision/latest/scale-to-width-down/250?cb=20160607141201,Food_and_Drink
SmallPileOfGuts,https://static.wikia.nocookie.net/dayz_gamepedia/images/2/26/SmallPileOfGuts.png/revision/latest/scale-to-width-down/250?cb=20160607141201,Food_and_Drink
FrontaLemonade,https://static.wikia.nocookie.net/dayz_gamepedia/images/b/b1/FrontaLemonade.png/revision/latest/scale-to-width-down/250?cb=20210425201021,Food_and_Drink
Nota Cola,https://static.wikia.nocookie.net/dayz_gamepedia/images/7/79/Nota_Cola.png/revision/latest/scale-to-width-down/250?cb=20210425202156,Food_and_Drink
Spite,https://static.wikia.nocookie.net/dayz_gamepedia/images/a/a3/Spite.png/revision/latest/scale-to-width-down/250?cb=20210425202148,Food_and_Drink
Pipsi,https://static.wikia.nocookie.net/dayz_gamepedia/images/0/08/Pipsi.png/revision/latest/scale-to-width-down/250?cb=20210425202142,Food_and_Drink
Rasputin Kvas,https://static.wikia.nocookie.net/dayz_gamepedia/images/1/1c/Rasputin_Kvas.png/revision/latest/scale-to-width-down/250?cb=20210425202131,Food_and_Drink
Ammo 22,https://static.wikia.nocookie.net/dayz_gamepedia/images/7/7d/Ammo_22.png/revision/latest/scale-to-width-down/250?cb=20210501194559,Magazines
Mag PP19 64Rnd,https://static.wikia.nocookie.net/dayz_gamepedia/images/4/4d/Mag_PP19_64Rnd.png/revision/latest/scale-to-width-down/250?cb=20220127145859,Magazines
Mag MP5 15Rnd,https://static.wikia.nocookie.net/dayz_gamepedia/images/b/b2/Mag_MP5_15Rnd.png/revision/latest/scale-to-width-down/250?cb=20220518213858,Magazines
Pioneer Magazine,https://static.wikia.nocookie.net/dayz_gamepedia/images/0/08/Pioneer_Magazine.png/revision/latest/scale-to-width-down/250?cb=20220221012129,Magazines
STANAG 60Rnd,https://static.wikia.nocookie.net/dayz_gamepedia/images/5/5d/STANAG_60Rnd.png/revision/latest/scale-to-width-down/250?cb=20210907132452,Magazines
Mag FAMAS 25Rnd,https://static.wikia.nocookie.net/dayz_gamepedia/images/7/7e/Mag_FAMAS_25Rnd.png/revision/latest/scale-to-width-down/250?cb=20210907125437,Magazines
30rndmag,https://static.wikia.nocookie.net/dayz_gamepedia/images/b/b5/Black30rndmag.png/revision/latest/scale-to-width-down/250?cb=20220518214022,Magazines
Black30rndmag,https://static.wikia.nocookie.net/dayz_gamepedia/images/b/b5/Black30rndmag.png/revision/latest/scale-to-width-down/250?cb=20220518214022,Magazines
Mag AK74 45Rnd,https://static.wikia.nocookie.net/dayz_gamepedia/images/7/71/Mag_AK74_45Rnd.png/revision/latest/scale-to-width-down/250?cb=20210907113437,Magazines
Iodine Tincture,https://static.wikia.nocookie.net/dayz_gamepedia/images/9/94/Iodine_Tincture.png/revision/latest/scale-to-width-down/250?cb=20210720105623,Medical_Supplies
Blood Bag Kit,https://static.wikia.nocookie.net/dayz_gamepedia/images/5/55/Blood_Bag_Kit.png/revision/latest/scale-to-width-down/250?cb=20140910184647,Medical_Supplies
Blood Test Kit,https://static.wikia.nocookie.net/dayz_gamepedia/images/d/d0/Blood_Test_Kit.png/revision/latest/scale-to-width-down/250?cb=20180610222500,Medical_Supplies
Items Medical Thermometer,https://static.wikia.nocookie.net/dayz_gamepedia/images/0/07/Items_Medical_Thermometer.png/revision/latest/scale-to-width-down/250?cb=20150202092649,Medical_Supplies
Salinebag1,https://static.wikia.nocookie.net/dayz_gamepedia/images/2/22/Salinebag1.png/revision/latest/scale-to-width-down/250?cb=20180612181850,Medical_Supplies
Charcoal Tabs,https://static.wikia.nocookie.net/dayz_gamepedia/images/b/bc/Charcoal_Tabs.png/revision/latest/scale-to-width-down/250?cb=20180610232006,Medical_Supplies
Painkillers,https://static.wikia.nocookie.net/dayz_gamepedia/images/4/45/Painkillers.png/revision/latest/scale-to-width-down/250?cb=20140701152629,Medical_Supplies
Blood Bag IV,https://static.wikia.nocookie.net/dayz_gamepedia/images/c/c4/Blood_Bag_IV.png/revision/latest/scale-to-width-down/250?cb=20180610221523,Medical_Supplies
Defibrillator,https://static.wikia.nocookie.net/dayz_gamepedia/images/5/5f/Defibrillator.png/revision/latest/scale-to-width-down/250?cb=20160823124001,Medical_Supplies
New Epinephrine,https://static.wikia.nocookie.net/dayz_gamepedia/images/8/8b/New_Epinephrine.png/revision/latest/scale-to-width-down/250?cb=20160828150509,Medical_Supplies
PO-X Antidote,https://static.wikia.nocookie.net/dayz_gamepedia/images/6/62/PO-X_Antidote.png/revision/latest/scale-to-width-down/250?cb=20210905230001,Medical_Supplies
SalineBag,https://static.wikia.nocookie.net/dayz_gamepedia/images/1/18/SalineBag.png/revision/latest/scale-to-width-down/250?cb=20131229201256,Medical_Supplies
Rags,https://static.wikia.nocookie.net/dayz_gamepedia/images/c/c4/Rags.png/revision/latest/scale-to-width-down/250?cb=20140814074836,Medical_Supplies
Bones,https://static.wikia.nocookie.net/dayz_gamepedia/images/5/5e/Bones.png/revision/latest/scale-to-width-down/250?cb=20150226075854,Resources
CowPelt,https://static.wikia.nocookie.net/dayz_gamepedia/images/b/b2/CowPelt.png/revision/latest/scale-to-width-down/250?cb=20210502190321,Resources
DeerPelt,https://static.wikia.nocookie.net/dayz_gamepedia/images/0/02/DeerPelt.png/revision/latest/scale-to-width-down/250?cb=20210502195457,Resources
GoatPelt,https://static.wikia.nocookie.net/dayz_gamepedia/images/e/eb/GoatPelt.png/revision/latest/scale-to-width-down/250?cb=20210502195528,Resources
PigPelt,https://static.wikia.nocookie.net/dayz_gamepedia/images/f/f4/PigPelt.png/revision/latest/scale-to-width-down/250?cb=20210502151303,Resources
RabbitPelt,https://static.wikia.nocookie.net/dayz_gamepedia/images/3/39/RabbitPelt.png/revision/latest/scale-to-width-down/250?cb=20211030203510,Resources
SheepSkin,https://static.wikia.nocookie.net/dayz_gamepedia/images/b/b4/SheepSkin.png/revision/latest/scale-to-width-down/250?cb=20210502143908,Resources
Boarpelt,https://static.wikia.nocookie.net/dayz_gamepedia/images/f/fb/Boarpelt.png/revision/latest/scale-to-width-down/250?cb=20210502193303,Resources
Wolf pelt,https://static.wikia.nocookie.net/dayz_gamepedia/images/e/ee/Wolf_pelt.png/revision/latest/scale-to-width-down/250?cb=20210502201230,Resources
BearPelt,https://static.wikia.nocookie.net/dayz_gamepedia/images/2/23/BearPelt.png/revision/latest/scale-to-width-down/250?cb=20210502140744,Resources
PlantMaterial,https://static.wikia.nocookie.net/dayz_gamepedia/images/5/55/PlantMaterial.png/revision/latest/scale-to-width-down/250?cb=20141226115846,Resources
PepperSeeds,https://static.wikia.nocookie.net/dayz_gamepedia/images/c/c2/PepperSeeds.png/revision/latest/scale-to-width-down/250?cb=20150624134925,Resources
Tomato seeds,https://static.wikia.nocookie.net/dayz_gamepedia/images/7/74/Tomato_seeds.png/revision/latest/scale-to-width-down/250?cb=20150624135030,Resources
ZucchiniSeeds,https://static.wikia.nocookie.net/dayz_gamepedia/images/5/5c/ZucchiniSeeds.png/revision/latest/scale-to-width-down/250?cb=20150624135047,Resources
BirchBark,https://static.wikia.nocookie.net/dayz_gamepedia/images/f/fe/BirchBark.png/revision/latest/scale-to-width-down/250?cb=20150326151012,Resources
OakBark,https://static.wikia.nocookie.net/dayz_gamepedia/images/0/02/OakBark.png/revision/latest/scale-to-width-down/250?cb=20150326154008,Resources
Firewood,https://static.wikia.nocookie.net/dayz_gamepedia/images/d/d4/Firewood.png/revision/latest/scale-to-width-down/250?cb=20180610234241,Resources
Wooden log,https://static.wikia.nocookie.net/dayz_gamepedia/images/b/bc/Wooden_log.png/revision/latest/scale-to-width-down/250?cb=20181213200222,Resources
Ashwood stick,https://static.wikia.nocookie.net/dayz_gamepedia/images/4/4e/Ashwood_stick.png/revision/latest/scale-to-width-down/250?cb=20140803210845,Resources
Wooden Stick,https://static.wikia.nocookie.net/dayz_gamepedia/images/d/dd/Wooden_Stick.png/revision/latest/scale-to-width-down/250?cb=20150624141423,Resources
Stone,https://static.wikia.nocookie.net/dayz_gamepedia/images/d/d4/Stone.png/revision/latest/scale-to-width-down/250?cb=20180617205357,Resources
WoodenPlanks,https://static.wikia.nocookie.net/dayz_gamepedia/images/e/e8/WoodenPlanks.png/revision/latest/scale-to-width-down/250?cb=20180727092313,Resources
Hatchet,https://static.wikia.nocookie.net/dayz_gamepedia/images/e/ef/Hatchet.png/revision/latest/scale-to-width-down/250?cb=20220523162339,Weapons
FirefighterAxe,https://static.wikia.nocookie.net/dayz_gamepedia/images/9/96/FirefighterAxe.png/revision/latest/scale-to-width-down/250?cb=20160904091949,Weapons
AdvancedSpear,https://static.wikia.nocookie.net/dayz_gamepedia/images/0/04/AdvancedSpear.png/revision/latest/scale-to-width-down/250?cb=20161023152534,Weapons
Cleaver,https://static.wikia.nocookie.net/dayz_gamepedia/images/d/df/Cleaver.png/revision/latest/scale-to-width-down/250?cb=20220523162055,Weapons
Combat Knife,https://static.wikia.nocookie.net/dayz_gamepedia/images/1/1b/Combat_Knife.png/revision/latest/scale-to-width-down/250?cb=20220523162125,Weapons
Kukri,https://static.wikia.nocookie.net/dayz_gamepedia/images/6/62/Kukri.png/revision/latest/scale-to-width-down/250?cb=20210515221818,Weapons
Fange,https://static.wikia.nocookie.net/dayz_gamepedia/images/2/2e/Fange.png/revision/latest/scale-to-width-down/250?cb=20220523162232,Weapons
Sickle01,https://static.wikia.nocookie.net/dayz_gamepedia/images/8/86/Sickle01.png/revision/latest/scale-to-width-down/250?cb=20210502202816,Weapons
Farming Hoe,https://static.wikia.nocookie.net/dayz_gamepedia/images/9/9c/Farming_Hoe.png/revision/latest/scale-to-width-down/250?cb=20220523162302,Weapons
Pitchfork,https://static.wikia.nocookie.net/dayz_gamepedia/images/1/1c/Pitchfork.png/revision/latest/scale-to-width-down/250?cb=20220523163039,Weapons
Broom,https://static.wikia.nocookie.net/dayz_gamepedia/images/2/26/Broom.png/revision/latest/scale-to-width-down/250?cb=20210502205305,Weapons
Crude machete,https://static.wikia.nocookie.net/dayz_gamepedia/images/7/7f/Crude_machete.png/revision/latest/scale-to-width-down/250?cb=20210719202716,Weapons
Wrench,https://static.wikia.nocookie.net/dayz_gamepedia/images/3/34/Pipe_Wrench.png/revision/latest/scale-to-width-down/250?cb=20220523162900,Weapons
Wrench,https://static.wikia.nocookie.net/dayz_gamepedia/images/7/7c/Wrench.png/revision/latest/scale-to-width-down/250?cb=20220523163536,Weapons
M203gl,https://static.wikia.nocookie.net/dayz_gamepedia/images/2/2f/M203gl.png/revision/latest/scale-to-width-down/250?cb=20141110210309,Weapons
Longhorn,https://static.wikia.nocookie.net/dayz_gamepedia/images/7/79/Longhorn.png/revision/latest/scale-to-width-down/250?cb=20220324214533,Weapons
P1,https://static.wikia.nocookie.net/dayz_gamepedia/images/c/cc/P1.png/revision/latest/scale-to-width-down/250?cb=20220518204515,Weapons
Mag P1 8Rnd,https://static.wikia.nocookie.net/dayz_gamepedia/images/f/f6/Mag_P1_8Rnd.png/revision/latest/scale-to-width-down/250?cb=20220323180807,Weapons
Sawed-off Revolver,https://static.wikia.nocookie.net/dayz_gamepedia/images/d/d5/Sawed-off_Revolver.png/revision/latest/scale-to-width-down/250?cb=20220521175627,Weapons
Flaregun,https://static.wikia.nocookie.net/dayz_gamepedia/images/a/a7/Flaregun.png/revision/latest/scale-to-width-down/250?cb=20210501150913,Weapons
Ammo FlareBlue,https://static.wikia.nocookie.net/dayz_gamepedia/images/1/16/Ammo_FlareBlue.png/revision/latest/scale-to-width-down/250?cb=20210501173505,Weapons
Ammo FlareGreen,https://static.wikia.nocookie.net/dayz_gamepedia/images/9/99/Ammo_FlareGreen.png/revision/latest/scale-to-width-down/250?cb=20210501152252,Weapons
Ammo Flare,https://static.wikia.nocookie.net/dayz_gamepedia/images/4/41/Ammo_Flare.png/revision/latest/scale-to-width-down/250?cb=20210501152513,Weapons
Ammo FlareRed,https://static.wikia.nocookie.net/dayz_gamepedia/images/3/3b/Ammo_FlareRed.png/revision/latest/scale-to-width-down/250?cb=20210501152157,Weapons
Izh43Shotgun,https://static.wikia.nocookie.net/dayz_gamepedia/images/2/2c/Sawed-offIzh43Shotgun.png/revision/latest/scale-to-width-down/250?cb=20210210190922,Weapons
Sawed-offIzh43Shotgun,https://static.wikia.nocookie.net/dayz_gamepedia/images/2/2c/Sawed-offIzh43Shotgun.png/revision/latest/scale-to-width-down/250?cb=20210210190922,Weapons
Ak-74woodenhandguard,https://static.wikia.nocookie.net/dayz_gamepedia/images/0/06/Ak-74woodenhandguard.png/revision/latest/scale-to-width-down/250?cb=20210428015606,Weapons
Gp-25gl,https://static.wikia.nocookie.net/dayz_gamepedia/images/2/2f/Gp-25gl.png/revision/latest/scale-to-width-down/250?cb=20161120164839,Weapons
AUGShort,https://static.wikia.nocookie.net/dayz_gamepedia/images/0/0f/AUGShort.png/revision/latest/scale-to-width-down/250?cb=20211104175243,Weapons
Mag Aug 30Rnd,https://static.wikia.nocookie.net/dayz_gamepedia/images/c/cd/Mag_Aug_30Rnd.png/revision/latest/scale-to-width-down/250?cb=20211104190304,Weapons
AUG,https://static.wikia.nocookie.net/dayz_gamepedia/images/d/dc/AUG.png/revision/latest/scale-to-width-down/250?cb=20211104182427,Weapons
ATOG 4x32 Scope,https://static.wikia.nocookie.net/dayz_gamepedia/images/c/cd/ATOG_4x32_Scope.png/revision/latest/scale-to-width-down/250?cb=20210428020030,Weapons
CR-550 Savanna,https://static.wikia.nocookie.net/dayz_gamepedia/images/4/44/CR-550_Savanna.png/revision/latest/scale-to-width-down/250?cb=20220518204410,Weapons
Mag CZ550 10rnd,https://static.wikia.nocookie.net/dayz_gamepedia/images/9/91/Mag_CZ550_10rnd.png/revision/latest/scale-to-width-down/250?cb=20220323180027,Weapons
Mag CZ550 4rnd,https://static.wikia.nocookie.net/dayz_gamepedia/images/5/56/Mag_CZ550_4rnd.png/revision/latest/scale-to-width-down/250?cb=20220323200835,Weapons
IZH18 Rifle,https://static.wikia.nocookie.net/dayz_gamepedia/images/d/d9/SawedOff_IZH18_Rifle.png/revision/latest/scale-to-width-down/250?cb=20220517154142,Weapons
SawedOff IZH18 Rifle,https://static.wikia.nocookie.net/dayz_gamepedia/images/d/d9/SawedOff_IZH18_Rifle.png/revision/latest/scale-to-width-down/250?cb=20220517154142,Weapons
Sawed-off Blaze,https://static.wikia.nocookie.net/dayz_gamepedia/images/e/ea/Sawed-off_Blaze.png/revision/latest/scale-to-width-down/250?cb=20220521175715,Weapons
Plastic Explosive,https://static.wikia.nocookie.net/dayz_gamepedia/images/b/bb/Plastic_Explosive.png/revision/latest/scale-to-width-down/250?cb=20220521180109,Weapons
Improvised Explosive,https://static.wikia.nocookie.net/dayz_gamepedia/images/6/67/Improvised_Explosive.png/revision/latest/scale-to-width-down/250?cb=20220521222030,Weapons
LandMine,https://static.wikia.nocookie.net/dayz_gamepedia/images/b/b4/LandMine.png/revision/latest/scale-to-width-down/250?cb=20150326141701,Weapons
RGD-5 Grenade,https://static.wikia.nocookie.net/dayz_gamepedia/images/7/7f/RGD-5_Grenade.png/revision/latest/scale-to-width-down/250?cb=20150213083539,Weapons
M67Grenade,https://static.wikia.nocookie.net/dayz_gamepedia/images/a/a5/M67Grenade.png/revision/latest/scale-to-width-down/250?cb=20161112160408,Weapons
